City_ID,City,Country,Date,Lat,Lng,Max Temp,Humidity,Cloudiness,Wind Speed
0,Atuona,PF,2022-02-05 19:01:07,-9.8,-139.0333,78.82,75,7,23.55
1,Vaini,TO,2022-02-05 19:03:29,-21.2,-175.2,77.16,94,100,8.05
2,Ushuaia,AR,2022-02-05 18:58:52,-54.8,-68.3,64.06,45,40,14.97
3,Rikitea,PF,2022-02-05 19:01:02,-23.1203,-134.9692,78.8,72,100,11.7
4,Upernavik,GL,2022-02-05 19:02:18,72.7868,-56.1549,-0.85,98,100,4.74
5,Leshukonskoye,RU,2022-02-05 19:03:29,64.8989,45.7622,5.02,94,100,8.12
6,Hofn,IS,2022-02-05 18:58:55,64.2539,-15.2082,28.76,55,100,9.98
7,Bulawayo,ZW,2022-02-05 19:00:25,-20.15,28.5833,64.53,75,54,9.22
8,Talnakh,RU,2022-02-05 19:01:03,69.4865,88.3972,-17.63,100,100,3.18
9,Kaeo,NZ,2022-02-05 19:03:30,-35.1,173.7833,73.33,98,91,7.18
10,Teya,RU,2022-02-05 19:03:30,60.3778,92.6267,17.64,89,100,8.55
11,Kristiansund,NO,2022-02-05 19:03:30,63.1115,7.732,36.25,60,75,8.05
12,Airai,TL,2022-02-05 19:02:19,-8.9266,125.4092,60.91,92,100,2.01
13,Dawei,MM,2022-02-05 19:03:30,14.0833,98.2,71.56,91,32,3.83
14,Torbay,CA,2022-02-05 19:00:23,47.6666,-52.7314,50.49,94,100,23.02
15,Kaitangata,NZ,2022-02-05 19:02:40,-46.2817,169.8464,47.7,82,79,5.37
16,Butaritari,KI,2022-02-05 19:00:19,3.0707,172.7902,82.36,70,13,19.37
17,Nanortalik,GL,2022-02-05 19:01:10,60.1432,-45.2371,11.75,62,49,20.42
18,Sumbe,AO,2022-02-05 19:03:31,-11.2061,13.8437,76.41,79,72,7.76
19,Ranong,TH,2022-02-05 19:03:31,9.9658,98.6348,75.6,89,34,5.44
20,Aklavik,CA,2022-02-05 19:03:31,68.2191,-135.0107,-41.62,93,14,3.53
21,Tuktoyaktuk,CA,2022-02-05 19:03:32,69.4541,-133.0374,-29.92,100,63,8.79
22,Mataura,NZ,2022-02-05 18:58:57,-46.1927,168.8643,50.49,92,100,1.07
23,La Asuncion,VE,2022-02-05 19:03:32,11.0333,-63.8628,80.73,69,4,13.8
24,Kodiak,US,2022-02-05 18:58:53,57.79,-152.4072,31.51,86,75,5.75
25,Tasiilaq,GL,2022-02-05 18:58:56,65.6145,-37.6368,13.21,58,100,9.73
26,Beyneu,KZ,2022-02-05 19:03:32,45.3167,55.2,34.14,96,100,21.5
27,Apacilagua,HN,2022-02-05 19:03:32,13.4797,-87.0755,91.11,21,0,10.6
28,Busselton,AU,2022-02-05 19:01:02,-33.65,115.3333,66.04,83,0,7.56
29,Hamilton,US,2022-02-05 19:03:33,39.1834,-84.5333,26.65,72,0,1.99
30,Hasaki,JP,2022-02-05 19:02:19,35.7333,140.8333,21.6,35,7,9.44
31,Coquimbo,CL,2022-02-05 19:00:31,-29.9533,-71.3436,72.09,66,2,8.75
32,Qaanaaq,GL,2022-02-05 19:00:13,77.484,-69.3632,2.34,83,100,4.25
33,Roma,US,2022-02-05 19:02:43,43.2128,-75.4557,19.67,57,0,19.57
34,Punta Arenas,CL,2022-02-05 18:57:47,-53.15,-70.9167,66.31,52,75,31.07
35,Chebenki,RU,2022-02-05 19:03:33,51.9337,55.7077,20.95,94,59,7.34
36,Esperance,AU,2022-02-05 18:58:52,-33.8667,121.9,66.04,70,5,17.47
37,Gorbehaza,HU,2022-02-05 19:03:33,47.8333,21.2333,32.18,66,0,12.3
38,Lorengau,PG,2022-02-05 19:01:01,-2.0226,147.2712,80.64,77,64,7.56
39,Jamestown,US,2022-02-05 19:03:34,42.097,-79.2353,20.52,46,40,5.01
40,Oistins,BB,2022-02-05 19:01:24,13.0667,-59.5333,78.3,69,7,12.41
41,Komsomolskiy,UZ,2022-02-05 19:01:48,40.4272,71.7189,36.32,51,100,6.91
42,Oussouye,SN,2022-02-05 19:04:34,12.485,-16.5469,79.57,34,5,9.48
43,Bredasdorp,ZA,2022-02-05 19:01:11,-34.5322,20.0403,69.28,82,100,19.1
44,Pelym,RU,2022-02-05 19:04:34,61.0108,61.9978,17.51,95,100,5.99
45,Amet,IN,2022-02-05 19:04:34,25.3,73.9333,57.43,26,0,2.37
46,Tessalit,ML,2022-02-05 19:02:16,20.1986,1.0114,68.68,11,0,8.61
47,Kampot,KH,2022-02-05 19:04:35,10.6167,104.1833,77.05,65,90,6.87
48,Gasa,PS,2022-02-05 19:04:35,31.5,34.4667,53.58,65,97,9.28
49,Hithadhoo,MV,2022-02-05 19:04:35,-0.6,73.0833,82.24,73,100,12.95
50,Boralday,KZ,2022-02-05 19:04:35,43.3578,76.8594,22.86,86,20,4.47
51,Kajaani,FI,2022-02-05 19:02:46,64.2273,27.7285,21.25,79,100,10.36
52,Cape Town,ZA,2022-02-05 19:01:50,-33.9258,18.4232,74.88,59,0,1.01
53,Aykhal,RU,2022-02-05 19:04:36,66.0,111.5,-25.06,100,100,4.52
54,Lompoc,US,2022-02-05 19:04:36,34.6391,-120.4579,70.12,41,0,0.0
55,El Alto,PE,2022-02-05 19:04:36,-4.2714,-81.2147,82.06,67,28,11.92
56,Gat,IL,2022-02-05 19:04:36,31.61,34.7642,52.48,100,77,7.29
57,Fairbanks,US,2022-02-05 19:01:17,64.8378,-147.7164,3.6,81,95,3.36
58,Omboue,GA,2022-02-05 19:04:37,-1.5746,9.2618,77.43,85,4,5.91
59,Bluff,NZ,2022-02-05 19:02:13,-46.6,168.3333,50.81,74,94,13.69
60,Teguise,ES,2022-02-05 19:04:37,29.0605,-13.564,66.42,49,0,12.66
61,Churapcha,RU,2022-02-05 19:04:37,62.0025,132.4325,-32.24,100,100,0.74
62,Barrow,US,2022-02-05 19:02:16,71.2906,-156.7887,-14.78,70,75,12.66
63,Port Elizabeth,ZA,2022-02-05 19:02:12,-33.918,25.5701,69.1,82,75,19.71
64,Aldan,RU,2022-02-05 19:04:37,58.6031,125.3894,-11.65,100,100,3.06
65,Sinnamary,GF,2022-02-05 19:03:12,5.3833,-52.95,79.9,78,53,9.84
66,Margate,GB,2022-02-05 19:00:34,51.3813,1.3862,49.96,74,100,10.0
67,Muzhi,RU,2022-02-05 19:04:38,65.3667,64.6667,-14.46,100,52,1.88
68,Mahebourg,MU,2022-02-05 19:01:07,-20.4081,57.7,80.26,84,100,19.22
69,Norman Wells,CA,2022-02-05 19:02:44,65.282,-126.8329,-7.58,91,99,6.85
70,Temiscaming,CA,2022-02-05 19:00:13,46.7212,-79.0971,0.48,67,13,4.94
71,Hobart,AU,2022-02-05 19:01:10,-42.8794,147.3294,57.06,81,40,4.61
72,Chicama,PE,2022-02-05 19:04:38,-7.8447,-79.1469,66.74,56,16,11.48
73,Paamiut,GL,2022-02-05 19:00:40,61.994,-49.6678,-0.87,85,73,7.61
74,Kapaa,US,2022-02-05 18:59:55,22.0752,-159.319,68.47,59,0,4.23
75,Olga,RU,2022-02-05 19:04:38,43.7444,135.2892,6.75,59,12,13.85
76,Namibe,AO,2022-02-05 19:01:32,-15.1961,12.1522,74.03,69,100,11.56
77,Sola,VU,2022-02-05 19:02:27,-13.8833,167.55,82.67,77,100,19.73
78,Hecun,CN,2022-02-05 19:04:39,36.5333,114.1111,31.26,38,100,2.48
79,Castro,BR,2022-02-05 19:00:35,-24.7911,-50.0119,75.16,81,36,8.75
80,Yangjiang,CN,2022-02-05 19:04:39,21.85,111.9667,56.95,69,78,5.88
81,Porto Santo,PT,2022-02-05 19:04:39,33.072,-16.3415,66.31,82,20,20.71
82,Ust-Maya,RU,2022-02-05 19:04:40,60.4167,134.5333,-28.14,100,100,1.07
83,Khatanga,RU,2022-02-05 19:01:04,71.9667,102.5,-31.72,99,99,2.08
84,Ardakan,IR,2022-02-05 19:04:40,32.31,54.0175,48.58,21,0,4.61
85,Mandera,KE,2022-02-05 19:04:40,3.9366,41.867,85.73,18,100,7.07
86,Ixtapa,MX,2022-02-05 19:04:40,20.7,-105.2,76.23,65,75,2.3
87,Aktash,RU,2022-02-05 19:04:41,50.3,87.7333,-15.81,73,0,5.73
88,Bengkulu,ID,2022-02-05 19:01:05,-3.8004,102.2655,74.25,96,100,9.01
89,Turukhansk,RU,2022-02-05 19:05:41,65.8167,87.9833,-13.07,100,66,2.68
90,Khandyga,RU,2022-02-05 19:05:41,62.6667,135.6,-44.19,100,88,2.21
91,East London,ZA,2022-02-05 19:03:56,-33.0153,27.9116,69.75,85,100,18.39
92,Faanui,PF,2022-02-05 19:01:37,-16.4833,-151.75,81.09,72,12,18.68
93,Saint Anthony,US,2022-02-05 19:05:41,45.0205,-93.218,16.79,58,40,7.0
94,Puerto Ayora,EC,2022-02-05 19:01:04,-0.7393,-90.3518,79.56,84,86,5.01
95,Albany,US,2022-02-05 19:01:00,42.6001,-73.9662,21.61,60,5,5.01
96,New Norfolk,AU,2022-02-05 19:01:22,-42.7826,147.0587,56.71,65,100,1.25
97,Kutum,SD,2022-02-05 19:00:52,14.2,24.6667,57.45,18,18,12.26
98,Gimli,CA,2022-02-05 19:01:06,50.6336,-96.9907,8.13,87,100,6.51
99,Straja,RO,2022-02-05 19:05:42,47.9167,25.55,36.18,89,100,5.08
100,Saint-Georges,GD,2022-02-05 19:05:42,12.0564,-61.7485,83.88,65,20,20.71
101,Severo-Kurilsk,RU,2022-02-05 19:01:05,50.6789,156.125,28.36,94,100,5.46
102,Hermanus,ZA,2022-02-05 19:01:10,-34.4187,19.2345,69.8,77,65,16.84
103,Ribeira Grande,PT,2022-02-05 19:02:15,38.5167,-28.7,61.2,77,75,13.8
104,Dikson,RU,2022-02-05 19:05:42,73.5069,80.5464,-18.2,100,99,3.47
105,Pevek,RU,2022-02-05 19:05:43,69.7008,170.3133,-28.68,99,37,3.47
106,Taltal,CL,2022-02-05 19:05:43,-25.4,-70.4833,71.53,65,24,5.17
107,Dachau,DE,2022-02-05 19:02:34,48.26,11.434,36.16,72,99,9.78
108,Avarua,CK,2022-02-05 19:02:17,-21.2078,-159.775,78.85,83,40,11.5
109,Bukid,PH,2022-02-05 19:05:43,5.5717,125.4056,79.48,81,30,19.66
110,Dingle,PH,2022-02-05 19:01:56,10.9995,122.6711,74.71,83,88,11.16
111,Saint George,US,2022-02-05 19:05:44,37.1041,-113.5841,56.35,26,0,3.0
112,Barbastro,ES,2022-02-05 19:05:44,42.0356,0.1269,49.08,65,34,2.35
113,Georgetown,MY,2022-02-05 18:57:39,5.4112,100.3354,80.89,85,20,1.99
114,Richards Bay,ZA,2022-02-05 19:05:44,-28.783,32.0377,72.93,84,100,10.27
115,Saskylakh,RU,2022-02-05 19:02:20,71.9167,114.0833,-25.74,100,98,3.2
116,Tiksi,RU,2022-02-05 19:03:51,71.6872,128.8694,-22.4,98,85,7.81
117,Maua,BR,2022-02-05 19:02:49,-23.6678,-46.4614,84.36,65,100,11.07
118,Bendigo,AU,2022-02-05 19:05:45,-36.7667,144.2833,59.86,59,20,6.82
119,Thompson,CA,2022-02-05 19:05:45,55.7435,-97.8558,-9.67,87,99,3.85
120,Tutayev,RU,2022-02-05 19:05:45,57.8853,39.5406,8.08,100,94,2.8
121,Burley,US,2022-02-05 19:05:45,42.5357,-113.7928,32.31,64,0,8.05
122,Victoria,HK,2022-02-05 19:02:59,22.2855,114.1577,61.25,82,100,5.99
123,Surany,SK,2022-02-05 19:05:46,48.0861,18.1845,39.0,63,14,7.65
124,Vila Velha,BR,2022-02-05 19:05:46,-20.3297,-40.2925,82.35,83,40,8.99
125,Valparaiso,CL,2022-02-05 19:05:46,-33.0393,-71.6273,82.63,60,0,6.91
126,Luanda,AO,2022-02-05 19:05:46,-8.8368,13.2343,78.8,73,20,8.05
127,Shelburne,CA,2022-02-05 19:05:47,44.0787,-80.2041,17.13,62,36,4.79
128,Half Moon Bay,US,2022-02-05 19:05:47,37.4636,-122.4286,62.46,64,0,4.61
129,Port Alfred,ZA,2022-02-05 19:05:47,-33.5906,26.891,70.34,84,99,25.26
130,Murashi,RU,2022-02-05 19:05:47,59.3999,48.9615,14.0,96,96,7.14
131,Chlorakas,CY,2022-02-05 19:05:47,34.8042,32.4083,52.83,79,20,3.44
132,Peleduy,RU,2022-02-05 19:06:48,59.6289,112.7406,6.69,97,100,4.63
133,Provideniya,RU,2022-02-05 19:02:12,64.3833,-173.3,-6.12,86,2,10.87
134,Ilulissat,GL,2022-02-05 19:06:48,69.2167,-51.1,5.02,51,75,13.8
135,Bolshaya Rechka,RU,2022-02-05 19:06:48,51.9503,104.7355,7.07,90,100,1.03
136,Yellowknife,CA,2022-02-05 18:59:30,62.456,-114.3525,-10.59,86,75,6.91
137,San Clemente,US,2022-02-05 19:06:49,33.427,-117.612,72.61,23,1,4.0
138,Narsaq,GL,2022-02-05 19:02:45,60.9167,-46.05,3.42,75,0,5.77
139,Kruisfontein,ZA,2022-02-05 19:02:14,-34.0033,24.7314,66.88,83,45,19.66
140,Yulara,AU,2022-02-05 19:01:03,-25.2406,130.9889,68.81,39,0,6.42
141,Santa Cruz,BO,2022-02-05 19:06:49,-17.8,-63.1667,71.65,94,100,13.8
142,Three Hills,CA,2022-02-05 19:06:49,51.7001,-113.2686,41.86,62,89,20.78
143,College,US,2022-02-05 19:01:08,64.8569,-147.8028,3.58,81,95,3.53
144,Bull Savanna,JM,2022-02-05 19:06:49,17.8868,-77.5902,81.99,45,75,4.94
145,Saint-Augustin,CA,2022-02-05 19:06:50,51.226,-58.6502,5.31,94,100,16.31
146,Guerrero Negro,MX,2022-02-05 19:02:00,27.9769,-114.0611,66.36,24,0,1.45
147,Laguna,US,2022-02-05 19:02:49,38.421,-121.4238,64.24,59,0,1.01
148,Praia Da Vitoria,PT,2022-02-05 19:06:50,38.7333,-27.0667,60.76,81,52,15.59
149,Gotsu,JP,2022-02-05 19:06:50,35.0,132.2167,35.74,57,100,25.26
150,Zhongshu,CN,2022-02-05 19:06:50,24.5167,103.7667,45.84,96,100,4.16
151,Beringovskiy,RU,2022-02-05 19:05:02,63.05,179.3167,-9.99,92,18,14.5
152,Batemans Bay,AU,2022-02-05 19:06:51,-35.7167,150.1833,63.1,82,99,7.25
153,Andros,GR,2022-02-05 19:06:51,37.8333,24.9333,52.36,68,32,2.55
154,Labuan,MY,2022-02-05 19:06:51,5.2767,115.2417,78.96,82,54,10.71
155,Fukue,JP,2022-02-05 19:06:51,32.6881,128.8419,42.17,60,100,27.76
156,Ambilobe,MG,2022-02-05 19:06:52,-13.2,49.05,73.87,94,100,4.54
157,Hilo,US,2022-02-05 19:06:52,19.7297,-155.09,76.12,76,0,0.0
158,Carnarvon,AU,2022-02-05 19:06:52,-24.8667,113.6333,78.87,89,75,10.36
159,Rio Grande,BR,2022-02-05 19:06:52,-32.035,-52.0986,84.31,76,100,12.06
160,Diffa,NE,2022-02-05 19:06:53,13.3154,12.6113,66.78,19,0,7.94
161,San Luis,AR,2022-02-05 19:06:53,-33.295,-66.3356,66.4,52,65,14.41
162,Santa Rosa,PH,2022-02-05 19:06:53,14.3122,121.1114,78.12,72,93,14.56
163,Sayyan,YE,2022-02-05 19:06:53,15.1718,44.3244,57.87,65,93,1.66
164,Iqaluit,CA,2022-02-05 19:06:54,63.7506,-68.5145,-30.03,97,98,2.57
165,Wakkanai,JP,2022-02-05 19:06:54,45.4094,141.6739,24.19,72,100,24.14
166,Sitka,US,2022-02-05 18:56:21,57.0531,-135.33,39.99,97,100,6.24
167,Tigil,RU,2022-02-05 19:06:54,57.8,158.6667,7.56,82,91,7.83
168,Ornskoldsvik,SE,2022-02-05 19:06:55,63.2909,18.7153,12.02,100,79,3.44
169,Pasni,PK,2022-02-05 19:06:55,25.2631,63.471,71.87,79,0,10.07
170,Auki,SB,2022-02-05 19:06:55,-8.7676,160.7034,79.2,86,57,5.64
171,Dhidhdhoo,MV,2022-02-05 19:03:24,6.8833,73.1,80.31,71,44,10.58
172,Avera,US,2022-02-05 19:06:55,33.194,-82.5271,52.68,41,6,7.78
173,Cayenne,GF,2022-02-05 19:06:56,4.9333,-52.3333,84.24,82,75,7.0
174,Urumqi,CN,2022-02-05 19:04:02,43.801,87.6005,-1.25,85,93,2.24
175,Daru,PG,2022-02-05 19:06:56,-9.0763,143.2092,77.58,91,100,8.93
176,Kahului,US,2022-02-05 19:01:06,20.8947,-156.47,76.84,80,4,8.01
177,Tuatapere,NZ,2022-02-05 19:06:56,-46.1333,167.6833,50.83,84,100,2.46
178,Zeya,RU,2022-02-05 19:07:56,53.75,127.2667,-2.99,86,98,4.23
179,Tsogni,GA,2022-02-05 19:07:57,-2.7942,10.0988,76.19,85,10,6.35
180,Broome,US,2022-02-05 19:07:57,42.2506,-75.833,20.21,66,0,4.0
181,Koslan,RU,2022-02-05 19:07:57,63.4564,48.8989,-2.58,100,90,4.65
182,Biltine,TD,2022-02-05 19:07:57,14.5333,20.9167,69.37,14,5,18.77
183,Nikolskoye,RU,2022-02-05 19:00:13,59.7035,30.7861,27.88,94,100,9.95
184,Acajutla,SV,2022-02-05 19:07:58,13.5928,-89.8275,87.8,45,0,5.01
185,Ust-Omchug,RU,2022-02-05 19:07:58,61.15,149.6333,-25.13,85,75,4.07
186,Elk River,US,2022-02-05 19:03:55,45.3038,-93.5672,16.95,61,100,1.01
187,Mahad,IN,2022-02-05 19:07:58,18.0833,73.4167,66.72,77,5,2.13
188,Mareeba,AU,2022-02-05 19:07:58,-17.0,145.4333,71.44,95,99,1.88
189,Lasa,IT,2022-02-05 19:07:59,46.6166,10.7002,37.69,60,3,4.56
190,Shache,CN,2022-02-05 19:07:59,38.4167,77.2406,24.98,58,99,4.32
191,Takoradi,GH,2022-02-05 19:07:59,4.8845,-1.7554,80.8,81,12,10.76
192,Cabo San Lucas,MX,2022-02-05 19:03:59,22.8909,-109.9124,74.61,59,0,1.99
193,Mackay,AU,2022-02-05 19:07:59,-21.15,149.2,74.68,75,38,18.66
194,San Ignacio,BZ,2022-02-05 19:08:00,17.1561,-89.0714,71.76,94,100,3.02
195,Siguiri,GN,2022-02-05 19:08:00,11.6667,-9.5,82.94,10,3,3.42
196,Francavilla Fontana,IT,2022-02-05 19:08:00,40.5306,17.5852,55.58,74,99,4.9
197,Husavik,IS,2022-02-05 19:03:05,66.0449,-17.3389,29.41,96,100,27.11
198,Maromitsa,RU,2022-02-05 19:08:00,59.8683,48.0123,8.71,97,96,6.31
199,Swidnik,PL,2022-02-05 19:08:01,51.219,22.6962,33.69,94,0,12.66
200,Waw,SS,2022-02-05 19:08:01,7.7029,27.9953,77.94,18,100,5.32
201,Sao Gabriel Da Cachoeira,BR,2022-02-05 19:08:01,-0.1303,-67.0892,76.8,87,100,2.28
202,Constitucion,CL,2022-02-05 19:01:06,-35.3333,-72.4167,71.51,55,7,17.07
203,Nantucket,US,2022-02-05 19:03:11,41.2835,-70.0995,28.96,66,20,19.57
204,Quatre Cocos,MU,2022-02-05 19:08:02,-20.2078,57.7625,80.1,84,100,18.23
205,Balkanabat,TM,2022-02-05 19:08:02,39.5108,54.3671,41.88,83,87,13.89
206,Vanimo,PG,2022-02-05 19:07:46,-2.6741,141.3028,77.67,87,98,5.97
207,Fallon,US,2022-02-05 19:08:01,39.4735,-118.7774,46.92,44,98,2.46
208,Shumskiy,RU,2022-02-05 19:08:02,54.8318,99.1328,25.54,74,100,5.3
209,Lazaro Cardenas,MX,2022-02-05 19:08:03,17.9583,-102.2,82.96,51,0,7.67
210,Cidreira,BR,2022-02-05 19:08:03,-30.1811,-50.2056,73.99,94,100,8.93
211,Umm Kaddadah,SD,2022-02-05 19:08:03,13.6017,26.6876,61.16,18,100,15.82
212,Gloversville,US,2022-02-05 19:06:20,43.0528,-74.3438,20.55,67,40,5.01
213,Bucerias,MX,2022-02-05 19:08:03,20.75,-105.3333,76.98,65,75,2.3
214,Seymchan,RU,2022-02-05 19:01:02,62.8833,152.4333,-42.93,100,73,1.32
215,Nioro,GM,2022-02-05 19:08:04,13.35,-15.75,91.99,8,1,6.08
216,Mahon,ES,2022-02-05 19:08:04,39.8885,4.2658,52.36,82,40,3.44
217,Souillac,MU,2022-02-05 19:08:04,-20.5167,57.5167,80.37,85,100,16.67
218,Magadi,IN,2022-02-05 19:08:05,12.9667,77.2333,68.34,64,95,6.44
219,Mount Gambier,AU,2022-02-05 19:08:05,-37.8333,140.7667,57.31,79,69,6.64
220,Lebu,CL,2022-02-05 19:08:05,-37.6167,-73.65,64.22,68,0,20.09
221,Mar Del Plata,AR,2022-02-05 19:02:12,-38.0023,-57.5575,64.42,97,100,5.01
222,Bambous Virieux,MU,2022-02-05 19:01:10,-20.3428,57.7575,80.22,84,100,19.04
223,Wyndham,US,2022-02-05 19:09:06,37.6985,-77.6125,40.03,39,0,1.99
224,Kamenka,RU,2022-02-05 19:09:06,51.3223,42.7678,7.14,97,82,8.59
225,Caldwell,US,2022-02-05 19:08:58,43.6629,-116.6874,35.91,75,0,5.75
226,Petropavlovsk-Kamchatskiy,RU,2022-02-05 19:09:06,53.0452,158.6483,16.39,62,0,11.18
227,Nishihara,JP,2022-02-05 19:09:06,26.1842,127.7558,56.48,62,75,19.57
228,Adrar,MR,2022-02-05 19:09:07,20.5022,-10.0711,72.72,7,0,8.63
229,Ponta Pora,BR,2022-02-05 19:09:07,-22.5361,-55.7256,81.68,64,74,9.28
230,Jieshi,CN,2022-02-05 19:09:07,22.8134,115.8257,56.95,79,100,19.04
231,Valdivia,CL,2022-02-05 19:02:13,-39.8142,-73.2459,81.39,28,0,3.11
232,Banda Aceh,ID,2022-02-05 19:09:08,5.5577,95.3222,79.05,78,100,4.92
233,Houma,US,2022-02-05 19:09:08,29.5958,-90.7195,48.2,51,0,14.97
234,Villazon,BO,2022-02-05 19:09:08,-22.0866,-65.5942,66.92,20,40,6.53
235,Lavrentiya,RU,2022-02-05 19:02:18,65.5833,-171.0,-17.64,93,18,9.48
236,Eureka,US,2022-02-05 19:09:08,40.8021,-124.1637,57.2,78,0,5.01
237,Bubaque,GW,2022-02-05 19:09:09,11.2833,-15.8333,78.64,62,0,13.78
238,Bairiki,KI,2022-02-05 19:09:09,1.3292,172.9752,82.4,78,40,9.22
239,Ler,SS,2022-02-05 19:09:09,8.3018,30.1418,79.74,16,99,7.14
240,Ankazoabo,MG,2022-02-05 19:09:09,-22.2833,44.5167,74.75,74,100,9.04
241,Bethel,US,2022-02-05 19:00:26,41.3712,-73.414,27.48,71,6,5.01
242,Rafaela,AR,2022-02-05 19:09:10,-31.2503,-61.4867,78.06,28,7,20.89
243,Bara,NG,2022-02-05 19:09:10,10.3744,10.7288,72.86,21,0,8.12
244,Hami,CN,2022-02-05 19:09:10,42.8,93.45,26.55,28,100,11.48
245,Rock Sound,BS,2022-02-05 19:09:11,24.9,-76.2,74.62,70,0,7.92
246,Binzhou,CN,2022-02-05 19:09:11,37.3667,118.0167,25.14,43,14,7.43
247,Imeni Poliny Osipenko,RU,2022-02-05 19:09:11,52.4201,136.4853,0.09,94,100,5.06
248,Frontera,MX,2022-02-05 19:09:11,26.9333,-101.45,48.33,57,0,6.91
249,Saint-Michel-Des-Saints,CA,2022-02-05 19:09:12,46.6834,-73.9159,9.93,71,6,11.43
250,Vazante,BR,2022-02-05 19:09:12,-17.9869,-46.9078,81.95,69,79,3.2
251,Champerico,GT,2022-02-05 19:09:12,14.3,-91.9167,92.95,57,0,10.16
252,Mathathane,BW,2022-02-05 19:09:12,-22.2687,28.7495,76.8,53,8,20.29
253,Bikaner,IN,2022-02-05 19:08:56,28.0167,73.3,60.35,33,3,11.59
254,Isangel,VU,2022-02-05 19:09:13,-19.55,169.2667,79.79,91,100,14.05
255,Jackson,US,2022-02-05 19:04:53,42.4165,-122.8345,55.15,61,0,0.0
256,Chokurdakh,RU,2022-02-05 19:09:13,70.6333,147.9167,-30.15,100,100,1.52
257,Pisco,PE,2022-02-05 19:04:55,-13.7,-76.2167,68.05,88,75,9.22
258,Santo Domingo,DO,2022-02-05 19:08:08,18.5001,-69.9886,87.48,64,40,9.22
259,Clyde River,CA,2022-02-05 19:09:13,70.4692,-68.5914,-26.63,84,100,4.5
260,Zhigansk,RU,2022-02-05 19:09:13,66.7697,123.3711,-30.14,100,100,5.79
261,Dongsheng,CN,2022-02-05 19:09:14,39.8161,109.9776,12.76,44,17,5.55
262,Manono,CD,2022-02-05 19:09:14,-7.3,27.4167,69.26,94,100,1.95
263,Lubango,AO,2022-02-05 19:09:14,-14.9172,13.4925,60.91,55,99,4.32
264,Belaya Gora,RU,2022-02-05 19:09:14,68.5333,146.4167,-40.32,100,100,0.56
265,Salalah,OM,2022-02-05 19:09:15,17.0151,54.0924,75.29,73,75,4.61
266,Orikum,AL,2022-02-05 19:09:15,40.3253,19.4714,54.82,71,100,3.04
267,Korla,CN,2022-02-05 19:09:15,41.7597,86.1469,24.69,41,96,8.79
268,Masunga,BW,2022-02-05 19:10:16,-20.6246,27.4488,67.95,70,18,9.42
269,Faya,SA,2022-02-05 19:08:36,18.3851,42.4509,54.12,77,3,3.51
270,Murgab,TM,2022-02-05 19:10:16,37.4966,61.9714,50.05,63,100,17.05
271,Chuy,UY,2022-02-05 19:10:16,-33.6971,-53.4616,71.94,77,90,7.92
272,Hanmer Springs,NZ,2022-02-05 19:10:16,-42.5167,172.8167,51.78,100,100,3.58
273,Kandrian,PG,2022-02-05 19:10:17,-6.2167,149.55,80.49,79,100,14.7
274,Zaraza,VE,2022-02-05 19:10:17,9.3503,-65.3245,92.82,33,90,7.47
275,Ancud,CL,2022-02-05 19:10:17,-41.8697,-73.8203,74.23,59,16,7.16
276,Los Llanos De Aridane,ES,2022-02-05 19:02:15,28.6585,-17.9182,65.12,83,0,13.8
277,Virpur,IN,2022-02-05 19:10:17,23.1833,73.4833,64.87,22,0,0.94
278,Lichtenburg,ZA,2022-02-05 19:10:18,-26.152,26.1597,63.91,78,63,8.14
279,Port Hardy,CA,2022-02-05 19:10:18,50.6996,-127.4199,43.75,83,100,6.62
280,Bahia Blanca,AR,2022-02-05 19:05:31,-38.7196,-62.2724,66.74,49,92,18.61
281,Pinhao,BR,2022-02-05 19:10:18,-25.6956,-51.6597,67.12,99,100,7.25
282,Beloha,MG,2022-02-05 19:10:18,-25.1667,45.05,75.72,83,100,18.97
283,Umm Lajj,SA,2022-02-05 19:10:19,25.0213,37.2685,65.34,60,0,12.75
284,Altay,CN,2022-02-05 19:10:19,47.8667,88.1167,7.02,51,0,9.89
285,Luena,AO,2022-02-05 19:10:19,-11.7833,19.9167,61.2,92,99,4.52
286,Shubarshi,KZ,2022-02-05 19:10:19,48.5872,57.1869,26.35,97,100,7.11
287,Klaksvik,FO,2022-02-05 19:10:20,62.2266,-6.589,34.72,76,61,30.06
288,Strelka,RU,2022-02-05 19:10:20,58.0728,93.0344,19.4,94,100,8.63
289,Binabalian,PH,2022-02-05 19:10:20,16.4202,119.9279,77.79,75,91,14.52
290,Hambantota,LK,2022-02-05 19:10:21,6.1241,81.1185,74.71,83,14,14.38
291,Talcahuano,CL,2022-02-05 19:09:51,-36.7167,-73.1167,74.88,53,0,19.57
292,Waddan,LY,2022-02-05 19:07:31,29.1614,16.139,58.62,21,0,3.51
293,Sri Aman,MY,2022-02-05 19:10:21,1.2376,111.4621,73.67,100,100,0.58
294,Mayumba,GA,2022-02-05 19:10:21,-3.432,10.6554,77.27,86,10,4.41
295,Ponta Do Sol,PT,2022-02-05 19:10:21,32.6667,-17.1,69.12,48,0,10.65
296,Carutapera,BR,2022-02-05 19:10:22,-1.195,-46.02,79.11,88,100,8.25
297,Arraial Do Cabo,BR,2022-02-05 19:10:22,-22.9661,-42.0278,84.06,70,0,12.66
298,Alta Floresta,BR,2022-02-05 19:10:22,-9.8756,-56.0861,80.92,87,100,2.26
299,Paris,FR,2022-02-05 19:08:57,48.8534,2.3488,47.17,77,20,5.99
300,Saint-Philippe,RE,2022-02-05 19:10:22,-21.3585,55.7679,81.99,86,100,21.74
301,Olecko,PL,2022-02-05 19:10:23,54.0337,22.507,33.37,94,100,16.78
302,Vega Baja,PR,2022-02-05 19:10:23,18.4444,-66.3877,78.08,81,90,13.67
303,Nuqui,CO,2022-02-05 19:10:23,5.7125,-77.2708,81.72,73,29,6.44
304,Urengoy,RU,2022-02-05 19:10:23,65.9667,78.3667,-14.96,100,92,4.63
305,Puerto Madero,MX,2022-02-05 19:10:24,14.7208,-92.4215,91.6,35,0,6.91
306,Kudymkar,RU,2022-02-05 19:10:24,59.0173,54.656,15.17,98,98,5.19
307,Youghal,IE,2022-02-05 19:10:24,51.95,-7.8506,50.02,81,100,27.58
308,Ifakara,TZ,2022-02-05 19:10:24,-8.1333,36.6833,72.27,86,100,3.09
309,Piura,PE,2022-02-05 19:09:04,-5.2,-80.6333,92.53,31,6,9.51
310,Ambon,ID,2022-02-05 19:06:03,-3.6954,128.1814,77.14,88,20,8.05
311,Kichera,RU,2022-02-05 19:10:25,55.9375,110.0997,3.42,97,100,0.85
312,Wajir,KE,2022-02-05 19:10:25,1.7471,40.0573,88.61,26,100,8.86
313,Diego De Almagro,CL,2022-02-05 19:10:25,-26.3667,-70.05,84.04,17,0,15.5
314,Artesia,US,2022-02-05 19:07:02,33.8658,-118.0831,73.54,19,0,1.01
315,Lufilufi,WS,2022-02-05 19:11:26,-13.8745,-171.5986,76.78,80,92,16.37
316,Tayshet,RU,2022-02-05 19:11:26,55.9342,98.0044,24.4,68,100,13.98
317,Shingu,JP,2022-02-05 19:11:26,33.7333,135.9833,38.91,75,69,8.46
318,Salinopolis,BR,2022-02-05 19:08:01,-0.6136,-47.3561,79.72,83,100,10.98
319,Kargasok,RU,2022-02-05 19:11:26,59.0556,80.8572,16.77,96,100,4.94
320,Aasiaat,GL,2022-02-05 19:11:27,68.7098,-52.8699,-4.5,83,99,6.73
321,Kupang,ID,2022-02-05 19:11:27,-10.1667,123.5833,79.05,85,70,9.71
322,Samdari,IN,2022-02-05 19:11:27,25.8167,72.5833,64.6,38,0,4.29
323,Syracuse,IT,2022-02-05 19:11:27,37.0881,15.2792,56.89,79,88,6.8
324,Jacqueville,CI,2022-02-05 19:11:28,5.2052,-4.4146,84.11,82,19,13.42
325,Slave Lake,CA,2022-02-05 19:11:28,55.2834,-114.769,15.78,92,100,9.22
326,Porbandar,IN,2022-02-05 19:11:28,21.6422,69.6093,67.51,66,0,5.64
327,Port Said,EG,2022-02-05 19:11:28,31.2565,32.2841,58.39,66,94,14.72
328,Saint-Francois,FR,2022-02-05 19:11:29,46.4154,3.9054,36.84,81,0,1.14
329,Luderitz,NA,2022-02-05 19:11:29,-26.6481,15.1594,68.77,76,96,4.99
330,Muros,ES,2022-02-05 19:08:59,42.7762,-9.0603,52.09,72,0,14.65
331,Semnan,IR,2022-02-05 19:11:29,35.5729,53.3971,40.15,54,18,7.29
332,Dakar,SN,2022-02-05 19:10:01,14.6937,-17.4441,81.48,67,0,12.15
333,Yar-Sale,RU,2022-02-05 19:09:49,66.8333,70.8333,-11.6,100,78,3.42
334,Aksu,CN,2022-02-05 19:11:29,41.1231,80.2644,24.44,54,100,2.91
335,Bumbuna,SL,2022-02-05 19:11:30,9.05,-11.7333,82.94,19,34,0.85
336,Alofi,NU,2022-02-05 19:11:30,-19.0595,-169.9187,80.24,76,100,15.48
337,Kadnikov,RU,2022-02-05 19:11:30,59.5022,40.338,2.86,98,93,3.56
338,Grindavik,IS,2022-02-05 19:11:30,63.8424,-22.4338,25.27,80,40,4.61
339,Santa Isabel Do Rio Negro,BR,2022-02-05 19:11:31,-0.4139,-65.0192,85.24,63,100,1.45
340,San Luis Potosi,MX,2022-02-05 19:08:11,22.5,-100.5,48.74,52,100,8.05
341,Srivardhan,IN,2022-02-05 19:11:31,18.0333,73.0167,68.77,74,4,5.48
342,Alberton,CA,2022-02-05 19:11:31,46.8168,-64.0654,13.23,91,100,18.41
343,Itoman,JP,2022-02-05 19:10:12,26.1247,127.6694,57.22,62,75,19.57
344,Trincomalee,LK,2022-02-05 19:11:31,8.5711,81.2335,78.75,72,34,12.19
345,Vanavara,RU,2022-02-05 19:11:32,60.34,102.2797,16.65,95,100,5.97
346,Zvishavane,ZW,2022-02-05 19:11:32,-20.3267,30.0665,69.37,66,90,2.86
347,Cap Malheureux,MU,2022-02-05 19:08:50,-19.9842,57.6142,80.47,80,100,10.0
348,Ishigaki,JP,2022-02-05 19:10:59,24.3448,124.1572,64.09,71,100,22.06
349,Boddam,GB,2022-02-05 19:11:32,57.4667,-1.7833,39.58,70,70,21.74
350,Valea Crisului,RO,2022-02-05 19:11:32,45.9167,25.7667,37.2,56,99,7.94
351,Amahai,ID,2022-02-05 19:11:33,-3.3333,128.9167,77.77,84,100,6.2
352,Nokaneng,BW,2022-02-05 19:11:33,-19.6667,22.2667,71.19,77,9,4.09
353,Boa Vista,BR,2022-02-05 19:11:33,2.8197,-60.6733,89.58,48,40,12.66
354,Victor Harbor,AU,2022-02-05 19:11:33,-35.5667,138.6167,75.79,70,75,5.93
355,Oyama,JP,2022-02-05 19:11:34,36.3,139.8,36.59,38,1,6.08
356,Dawson Creek,CA,2022-02-05 19:11:34,55.7666,-120.2362,37.04,60,20,24.16
357,Makakilo City,US,2022-02-05 19:11:34,21.3469,-158.0858,76.28,74,40,3.44
358,Bilibino,RU,2022-02-05 19:11:34,68.0546,166.4372,-15.23,94,13,4.72
359,Ibotirama,BR,2022-02-05 19:11:35,-12.1853,-43.2206,87.96,44,100,5.14
360,Pihuamo,MX,2022-02-05 19:11:35,19.2499,-103.3828,80.49,21,83,5.48
361,Dniprovka,UA,2022-02-05 19:10:15,47.4295,34.618,30.47,59,100,8.37
362,Igrim,RU,2022-02-05 19:12:35,63.1906,64.4162,-9.18,100,92,4.05
363,Ahipara,NZ,2022-02-05 19:12:11,-35.1667,173.1667,71.49,98,96,5.91
364,Leningradskiy,RU,2022-02-05 19:12:36,69.3833,178.4167,-22.18,96,7,4.36
365,Zonguldak,TR,2022-02-05 19:12:36,41.25,31.8333,31.35,81,2,5.19
366,Lamu,KE,2022-02-05 19:12:36,-2.2717,40.902,79.02,86,100,8.97
367,Evensk,RU,2022-02-05 19:08:43,61.95,159.2333,15.46,41,12,21.77
368,Pangnirtung,CA,2022-02-05 19:12:36,66.1451,-65.7125,-23.75,98,100,2.64
369,Namatanai,PG,2022-02-05 19:12:37,-3.6667,152.4333,79.99,78,75,9.51
370,Kloulklubed,PW,2022-02-05 19:12:37,7.0419,134.2556,81.66,80,96,23.09
371,Pitsunda,GE,2022-02-05 19:12:37,43.1592,40.3378,33.98,68,97,3.36
372,Bayan,CN,2022-02-05 19:12:37,46.0833,127.4,-13.5,100,90,3.74
373,Vila Franca Do Campo,PT,2022-02-05 19:12:38,37.7167,-25.4333,63.19,77,74,12.26
374,Vardo,NO,2022-02-05 19:12:38,70.3705,31.1107,26.62,78,100,26.44
375,Abu Samrah,SY,2022-02-05 19:12:38,35.3029,37.1841,44.56,80,0,7.38
376,San Pedro,PH,2022-02-05 19:12:38,14.35,121.0167,77.36,73,99,13.4
377,Olafsvik,IS,2022-02-05 19:12:39,64.8945,-23.7142,30.29,73,100,20.13
378,Maldonado,UY,2022-02-05 19:08:41,-34.6667,-54.9167,76.39,70,61,14.7
379,Cairns,AU,2022-02-05 19:12:39,-16.9167,145.7667,76.06,93,75,5.75
380,Sal Rei,CV,2022-02-05 19:12:39,16.1833,-22.9167,73.6,73,20,13.8
381,Usogorsk,RU,2022-02-05 19:12:39,63.4106,48.6872,-1.46,99,82,5.17
382,Longyearbyen,SJ,2022-02-05 19:12:40,78.2186,15.6401,10.24,61,20,20.71
383,Markapur,IN,2022-02-05 19:12:40,15.7333,79.2833,71.08,84,78,1.48
384,Brufut,GM,2022-02-05 19:12:40,13.3814,-16.7518,84.29,42,0,8.05
385,Anadyr,RU,2022-02-05 19:12:40,64.75,177.4833,-23.33,98,5,3.96
386,Matao,BR,2022-02-05 19:12:41,-21.6033,-48.3658,81.68,74,93,8.03
387,Tiebissou,CI,2022-02-05 19:12:41,7.1574,-5.2257,83.59,31,23,1.12
388,Fortuna,US,2022-02-05 19:11:12,40.5982,-124.1573,56.93,73,0,1.99
389,Liezen,AT,2022-02-05 19:12:41,47.5667,14.2333,33.13,91,47,4.99
390,Necochea,AR,2022-02-05 19:12:41,-38.5473,-58.7368,65.03,72,100,23.11
391,Mayo,US,2022-02-05 19:12:42,38.8876,-76.5119,35.19,46,0,14.0
392,Samarai,PG,2022-02-05 19:12:42,-10.6167,150.6667,79.95,82,100,8.81
393,Quixada,BR,2022-02-05 19:12:42,-4.9714,-39.0153,89.4,44,63,5.86
394,Soubre,CI,2022-02-05 19:12:42,5.7856,-6.6083,85.41,56,40,6.76
395,Barvinkove,UA,2022-02-05 19:12:43,48.9097,37.0205,17.13,92,39,7.34
396,Avola,IT,2022-02-05 19:12:43,36.9113,15.1395,57.11,82,95,4.9
397,Jalu,LY,2022-02-05 19:12:43,29.0331,21.5482,57.29,47,0,2.82
398,Cherskiy,RU,2022-02-05 19:12:43,68.75,161.3,-32.93,96,12,1.41
399,Kombissiri,BF,2022-02-05 19:12:44,12.0656,-1.3375,77.83,11,5,7.74
400,Buritis,BR,2022-02-05 19:12:44,-15.6178,-46.4233,80.78,76,100,2.04
401,Vestmannaeyjar,IS,2022-02-05 19:12:44,63.4427,-20.2734,30.31,58,84,6.44
402,Pacific Grove,US,2022-02-05 19:11:46,36.6177,-121.9166,64.58,50,0,1.01
403,Codrington,AU,2022-02-05 19:12:44,-38.2667,141.9667,56.17,88,85,8.59
404,Ouallam,NE,2022-02-05 19:12:45,14.3188,2.0866,73.54,11,0,10.96
405,Goderich,CA,2022-02-05 19:13:45,43.7501,-81.7165,21.9,80,93,6.46
406,Srednekolymsk,RU,2022-02-05 19:13:45,67.45,153.6833,-39.71,99,39,3.8
407,Nalut,LY,2022-02-05 19:13:45,30.3333,10.85,60.62,19,100,9.78
408,Yarkovo,RU,2022-02-05 19:13:46,57.4028,67.0786,15.55,87,100,5.08
409,Alihe,CN,2022-02-05 19:13:46,50.5667,123.7167,-5.3,96,98,3.47
410,Xapuri,BR,2022-02-05 19:13:46,-10.6517,-68.5044,89.83,49,86,6.35
411,Brae,GB,2022-02-05 19:13:46,60.3964,-1.353,37.31,62,100,37.33
412,Pio Ix,BR,2022-02-05 19:13:47,-6.8375,-40.5792,83.23,54,100,8.16
413,Ketchikan,US,2022-02-05 19:10:12,55.3422,-131.6461,44.58,87,100,11.5
414,Sibu,MY,2022-02-05 19:13:47,2.3,111.8167,73.47,99,95,1.54
415,Boende,CD,2022-02-05 19:13:47,-0.2167,20.8667,78.75,55,12,2.57
416,Gizo,SB,2022-02-05 19:13:47,-8.103,156.8419,82.58,79,98,10.45
417,Akyab,MM,2022-02-05 19:13:48,20.15,92.9,68.7,87,1,5.5
418,Mitsamiouli,KM,2022-02-05 19:13:48,-11.3847,43.2844,81.55,76,100,11.99
419,Waipawa,NZ,2022-02-05 19:13:48,-41.4122,175.5153,56.03,96,100,13.02
420,Meulaboh,ID,2022-02-05 19:13:49,4.1363,96.1285,75.4,88,99,7.78
421,Verkhoyansk,RU,2022-02-05 19:13:49,67.5447,133.385,-45.4,100,71,1.77
422,Tsabong,BW,2022-02-05 19:13:49,-26.0217,22.401,83.84,33,42,11.61
423,Lata,PT,2022-02-05 19:13:49,40.1629,-8.3327,52.07,78,0,4.29
424,Ostrovnoy,RU,2022-02-05 19:13:45,68.0531,39.5131,16.25,82,100,31.25
425,Graneros,CL,2022-02-05 19:13:50,-34.0667,-70.7333,84.38,34,20,9.22
426,Talara,PE,2022-02-05 19:13:50,-4.5772,-81.2719,84.96,51,0,18.41
427,Reconquista,AR,2022-02-05 19:13:50,-29.15,-59.65,94.35,21,0,19.89
428,Jacarezinho,BR,2022-02-05 19:13:50,-23.1606,-49.9694,77.61,88,87,8.41
429,Alekseyevsk,RU,2022-02-05 19:13:39,57.8406,108.3492,17.31,93,100,10.09
430,Cockburn Town,TC,2022-02-05 19:11:41,21.4612,-71.1419,76.3,68,52,16.84
431,Wuda,CN,2022-02-05 19:13:51,39.4994,106.7117,17.29,33,100,3.71
432,Berdigestyakh,RU,2022-02-05 19:13:51,62.0989,126.6992,-22.36,100,99,0.92
433,Ivanivka,UA,2022-02-05 19:13:51,46.7208,34.553,31.06,72,100,7.14
434,Kastamonu,TR,2022-02-05 19:13:52,41.5,33.6667,22.89,94,70,1.81
435,Port Lincoln,AU,2022-02-05 19:13:52,-34.7333,135.8667,66.94,80,100,15.12
436,Port Macquarie,AU,2022-02-05 19:10:25,-31.4333,152.9167,60.89,73,86,14.47
437,Tilichiki,RU,2022-02-05 19:13:52,60.4667,166.1,-1.21,84,27,7.43
438,Kailua,US,2022-02-05 19:13:52,21.4022,-157.7394,77.74,81,13,1.01
439,Pervomayskoye,RU,2022-02-05 19:13:53,43.919,46.7102,33.22,69,25,11.36
440,Mecca,SA,2022-02-05 19:11:29,21.4267,39.8261,63.43,42,0,10.8
441,Ingham,US,2022-02-05 19:13:53,42.6,-84.3833,24.19,73,0,5.75
442,Alyangula,AU,2022-02-05 19:11:41,-13.8483,136.4192,78.62,85,98,8.34
443,Luwuk,ID,2022-02-05 19:13:53,-0.9516,122.7875,76.8,87,100,3.18
444,Vanderhoof,CA,2022-02-05 19:13:54,54.0166,-124.0198,39.34,74,37,12.8
445,Pamanukan,ID,2022-02-05 19:13:54,-6.2842,107.8106,75.65,92,94,8.59
446,Dombarovskiy,RU,2022-02-05 19:13:54,50.7587,59.5386,21.29,93,100,10.29
447,San Francisco Del Mar,MX,2022-02-05 19:13:54,16.2333,-94.65,67.19,67,32,35.79
448,Jizan,SA,2022-02-05 19:13:55,17.3333,42.6667,76.19,58,0,11.43
449,Tautira,PF,2022-02-05 19:13:55,-17.7333,-149.15,82.42,72,35,18.52
450,Donskoye,RU,2022-02-05 19:13:55,45.4552,41.9741,28.53,93,22,8.23
451,Katsina,NG,2022-02-05 19:13:55,12.9894,7.6006,67.68,14,0,10.6
452,Latung,PH,2022-02-05 19:13:56,5.5,120.8833,81.45,75,100,8.66
453,Comodoro Rivadavia,AR,2022-02-05 19:10:01,-45.8667,-67.5,73.26,43,0,19.57
454,Norilsk,RU,2022-02-05 19:14:56,69.3535,88.2027,-17.32,100,98,2.95
455,Dublin,US,2022-02-05 19:12:16,37.7021,-121.9358,60.53,59,0,1.99
456,Kapan,AM,2022-02-05 19:14:57,39.2075,46.4058,29.48,85,69,1.12
457,Susurluk,TR,2022-02-05 19:14:57,39.9136,28.1578,43.84,58,9,2.42
458,Camana,PE,2022-02-05 19:14:57,-16.6228,-72.7111,74.68,70,12,9.46
459,Manta,EC,2022-02-05 19:14:57,-0.95,-80.7333,78.58,83,75,9.22
460,Bam,IR,2022-02-05 19:14:58,29.106,58.357,62.78,49,0,8.95
461,Ulladulla,AU,2022-02-05 19:14:58,-35.35,150.4667,67.87,76,99,10.54
462,Lumphat,KH,2022-02-05 19:14:58,13.4878,106.9816,71.35,70,54,7.9
463,Mizan Teferi,ET,2022-02-05 19:14:58,6.9833,35.5833,67.14,65,100,4.25
464,Sorland,NO,2022-02-05 19:13:34,67.667,12.6934,39.27,76,100,32.26
465,Daura,NG,2022-02-05 19:14:59,11.5538,11.4085,69.44,23,0,13.78
466,Katsuura,JP,2022-02-05 19:14:59,35.1333,140.3,32.11,50,8,7.14
467,Lalmohan,BD,2022-02-05 19:14:59,22.3384,90.7419,64.89,60,0,7.74
468,Henties Bay,NA,2022-02-05 19:14:59,-22.116,14.2845,67.86,80,11,5.97
469,Labuhan,ID,2022-02-05 19:15:00,-6.8844,112.2051,78.06,86,100,9.35
470,Verkhnyaya Inta,RU,2022-02-05 19:15:00,65.9811,60.3094,-11.15,96,6,4.68
471,Biak,ID,2022-02-05 19:15:00,-0.9131,122.8766,75.9,86,100,2.44
472,Novo Aripuana,BR,2022-02-05 19:15:00,-5.1206,-60.3797,83.86,75,83,2.82
473,Asau,RO,2022-02-05 19:15:01,46.4333,26.4,36.95,87,98,1.7
474,Severnyy,RU,2022-02-05 19:15:01,50.677,36.5532,21.24,79,75,8.95
475,Belmonte,BR,2022-02-05 19:15:01,-15.8631,-38.8828,75.7,69,69,9.98
476,Nemuro,JP,2022-02-05 19:15:02,43.3236,145.575,23.49,73,100,18.1
477,Matara,LK,2022-02-05 19:15:02,5.9485,80.5353,73.42,88,6,7.56
478,Bentonville,US,2022-02-05 19:11:10,36.3728,-94.2088,43.66,46,0,5.01
479,Havoysund,NO,2022-02-05 19:15:02,70.9963,24.6622,29.28,70,9,32.23
480,Kontagora,NG,2022-02-05 19:15:02,10.3999,5.4695,81.12,15,0,4.65
481,Salvador,SV,2022-02-05 19:13:54,13.8333,-88.9167,82.8,31,72,8.77
482,Yumen,CN,2022-02-05 19:15:03,40.2833,97.2,15.15,38,100,12.95
483,Sassandra,CI,2022-02-05 19:15:03,4.95,-6.0833,80.53,82,15,8.63
484,Florencia,IT,2022-02-05 19:13:17,43.7667,11.25,53.29,86,0,3.44
485,Yako,BF,2022-02-05 19:15:04,12.9667,-2.2667,77.29,9,52,9.28
486,Salym,RU,2022-02-05 19:15:05,60.0625,71.4789,18.86,97,100,3.65
487,Horta,PT,2022-02-05 19:15:05,38.5333,-28.6333,58.64,88,75,14.97
488,Nouadhibou,MR,2022-02-05 19:15:05,20.931,-17.0347,67.98,88,0,18.41
489,Whyalla,AU,2022-02-05 19:15:05,-33.0333,137.5833,76.59,39,100,15.75
490,Hervey Bay,AU,2022-02-05 19:15:06,-25.2986,152.8535,66.04,61,63,19.37
491,Vilyuysk,RU,2022-02-05 19:15:06,63.7553,121.6247,-20.9,100,100,1.1
492,Jining,CN,2022-02-05 19:15:06,35.405,116.5814,27.95,36,81,0.83
493,Dicabisagan,PH,2022-02-05 19:15:06,17.0818,122.4157,72.95,89,86,8.88
494,Yerbogachen,RU,2022-02-05 19:15:07,61.2767,108.0108,8.4,97,100,4.38
495,Seoul,KR,2022-02-05 19:10:07,37.5683,126.9778,22.44,56,2,2.42
496,Waitati,NZ,2022-02-05 19:15:07,-45.75,170.5667,53.8,69,6,3.87
497,Griffith,US,2022-02-05 19:15:07,41.5284,-87.4237,21.97,65,40,4.0
498,Chittaurgarh,IN,2022-02-05 19:15:07,24.8833,74.6333,56.32,29,0,1.54
499,Smidovich,RU,2022-02-05 19:15:08,48.6,133.8167,-23.71,100,81,2.89
500,Trussville,US,2022-02-05 19:15:08,33.6198,-86.6089,44.2,47,0,1.99
501,Neuquen,AR,2022-02-05 19:15:08,-38.9516,-68.0591,75.09,41,0,3.44
502,Sao Filipe,CV,2022-02-05 19:16:08,14.8961,-24.4956,74.68,67,0,10.6
503,Doha,QA,2022-02-05 19:16:09,25.2867,51.5333,64.38,50,0,12.66
504,Polovinnoye,RU,2022-02-05 19:16:09,54.7914,65.9864,14.34,83,100,8.81
505,Fort Dodge,US,2022-02-05 19:16:09,42.4975,-94.168,37.74,59,0,21.85
506,Calama,CL,2022-02-05 19:14:53,-22.4667,-68.9333,75.69,9,0,23.02
507,Ninghai,CN,2022-02-05 19:16:10,29.2892,121.4247,29.88,78,86,4.81
508,Boditi,ET,2022-02-05 19:16:10,6.9667,37.8667,64.69,22,84,4.16
509,Bay-Khaak,RU,2022-02-05 19:16:10,51.1667,94.5,-19.7,93,72,4.29
510,Boguchany,RU,2022-02-05 19:16:11,58.3814,97.4531,19.89,91,100,9.86
511,Tabuk,PH,2022-02-05 19:16:11,17.4189,121.4443,68.72,90,98,4.27
512,Manokwari,ID,2022-02-05 19:12:13,-0.8667,134.0833,77.83,77,100,3.91
513,Jejuri,IN,2022-02-05 19:16:11,18.2833,74.1667,65.88,54,6,5.26
514,Dubbo,AU,2022-02-05 19:16:11,-32.25,148.6167,55.53,82,40,10.36
515,Lima,PE,2022-02-05 19:11:14,-12.0432,-77.0282,77.4,83,0,1.99
516,Guamuchil,MX,2022-02-05 19:16:12,25.4667,-108.1,80.73,24,58,3.29
517,Sao Joao Da Barra,BR,2022-02-05 19:16:12,-21.6403,-41.0511,84.29,81,38,25.84
518,Burnie,AU,2022-02-05 19:16:13,-41.0667,145.9167,58.95,95,92,10.67
519,Mustasaari,FI,2022-02-05 19:16:13,63.1142,21.6822,30.15,86,75,6.91
520,Gusau,NG,2022-02-05 19:16:13,12.1628,6.6614,73.18,15,1,11.65
521,Srandakan,ID,2022-02-05 19:16:13,-7.9386,110.2506,62.73,84,100,5.17
522,Beira,MZ,2022-02-05 19:16:14,-19.8436,34.8389,81.23,72,52,15.55
523,Kachiry,KZ,2022-02-05 19:16:14,53.0675,76.1036,10.04,80,21,11.18
524,Aden,YE,2022-02-05 19:16:14,12.7794,45.0367,78.48,62,3,7.9
525,Piacabucu,BR,2022-02-05 19:16:15,-10.4056,-36.4344,83.16,63,100,12.64
526,Rocha,UY,2022-02-05 19:16:15,-34.4833,-54.3333,71.65,73,98,12.71
527,Taoudenni,ML,2022-02-05 19:16:15,22.6783,-3.9836,73.38,9,94,8.77
528,Tottori,JP,2022-02-05 19:16:15,35.5,134.2333,36.05,69,100,19.3
529,Tateyama,JP,2022-02-05 19:16:16,34.9833,139.8667,32.02,69,75,6.91
530,Bosaso,SO,2022-02-05 19:11:56,11.2842,49.1816,74.05,67,30,1.92
531,Saldanha,ZA,2022-02-05 19:11:50,-33.0117,17.9442,68.32,73,0,7.45
532,Conway,US,2022-02-05 19:15:39,35.0887,-92.4421,44.64,49,0,1.01
533,Suhbaatar,MN,2022-02-05 19:16:16,50.2314,106.2078,-0.96,95,100,4.52
534,Nadym,RU,2022-02-05 19:16:16,65.5333,72.5167,-17.55,100,100,2.08
535,Marion,US,2022-02-05 19:12:17,39.7684,-86.1555,23.41,64,20,4.61
536,Boyuibe,BO,2022-02-05 19:16:16,-20.4167,-63.2833,71.51,96,100,8.08
537,Ust-Karsk,RU,2022-02-05 19:16:17,52.7011,118.8077,-13.99,100,100,2.08
538,Morgan City,US,2022-02-05 19:16:18,29.6994,-91.2068,48.2,53,0,9.33
539,Langsa,ID,2022-02-05 19:16:18,4.4683,97.9683,73.33,96,100,2.3
540,Lac Du Bonnet,CA,2022-02-05 19:16:18,50.2536,-96.0612,8.35,89,100,6.49
541,Gornopravdinsk,RU,2022-02-05 19:16:19,60.05,69.9,19.33,97,100,3.65
542,Saint-Paul,RE,2022-02-05 19:16:19,-21.0096,55.2707,82.51,88,100,16.71
543,Dwarka,IN,2022-02-05 19:16:20,22.2394,68.9678,70.11,61,0,6.29
544,Pimentel,PE,2022-02-05 19:16:20,-6.8367,-79.9342,80.89,54,0,14.97
545,Dorverden,DE,2022-02-05 19:16:20,52.85,9.2333,44.33,75,100,21.94
546,Kushmurun,KZ,2022-02-05 19:16:21,52.4503,64.6311,18.23,82,100,7.74
547,Acapulco,MX,2022-02-05 19:12:29,16.8634,-99.8901,84.02,65,0,10.36
548,Tarakan,ID,2022-02-05 19:17:21,3.3,117.6333,77.99,85,100,5.55
549,Tura,IN,2022-02-05 19:17:21,25.5198,90.2201,49.86,91,1,1.72
550,Kavaratti,IN,2022-02-05 19:17:22,10.5669,72.642,78.69,61,30,9.55
551,San Patricio,US,2022-02-05 19:12:56,28.017,-97.5169,52.21,29,0,4.7
552,Bayir,TR,2022-02-05 19:17:22,37.2687,28.2167,36.12,64,1,2.17
553,Taian,CN,2022-02-05 19:17:22,36.1853,117.12,28.09,36,19,2.21
554,Pa Sang,TH,2022-02-05 19:17:22,18.5262,98.9394,72.01,65,85,0.74
555,Muravlenko,RU,2022-02-05 19:17:23,63.7898,74.523,-10.16,100,100,2.89
556,Ponca City,US,2022-02-05 19:17:23,36.707,-97.0856,46.22,42,0,11.5
557,Yanam,IN,2022-02-05 19:17:23,16.7333,82.2167,70.11,80,8,4.03
558,Derzhavinsk,KZ,2022-02-05 19:17:23,51.1,66.3167,17.15,76,100,15.55
559,Epe,NG,2022-02-05 19:17:24,6.5841,3.9834,78.44,82,0,6.26
560,Manakara,MG,2022-02-05 19:17:24,-22.1333,48.0167,77.2,94,100,39.21
561,Santa Maria,BR,2022-02-05 19:17:24,-29.6842,-53.8069,80.06,66,94,4.56
562,Mongoumba,CF,2022-02-05 19:17:24,3.6415,18.5936,78.3,21,100,3.2
563,Tongzi,CN,2022-02-05 19:17:25,28.7829,105.0877,44.47,92,100,2.3
564,Hay River,CA,2022-02-05 19:15:06,60.8156,-115.7999,-2.22,60,75,1.14
565,Buritizeiro,BR,2022-02-05 19:13:57,-17.3511,-44.9622,81.72,72,91,3.09
566,Gurlan,UZ,2022-02-05 19:17:25,41.8447,60.3919,42.87,86,100,11.77
567,Kiama,AU,2022-02-05 19:14:45,-34.6833,150.8667,68.58,78,100,5.99
568,Awash,ET,2022-02-05 19:16:16,8.9833,40.1667,74.57,16,17,4.38
569,San Andres Del Rabanedo,ES,2022-02-05 19:17:25,42.6117,-5.6167,39.92,60,0,4.61
570,Kenai,US,2022-02-05 19:17:26,60.5544,-151.2583,27.09,93,100,9.22
571,Belz,FR,2022-02-05 19:17:26,47.6751,-3.168,50.09,87,81,1.01
572,Manado,ID,2022-02-05 19:17:26,1.487,124.8455,75.97,100,40,1.14
573,Almeirim,BR,2022-02-05 19:17:26,-1.5233,-52.5817,84.11,73,89,3.27
574,Baltiysk,RU,2022-02-05 19:17:27,54.6538,19.911,39.18,79,94,25.75
575,Ypsonas,CY,2022-02-05 19:17:27,34.6884,32.9574,56.28,62,0,6.91
576,Aberystwyth,GB,2022-02-05 19:15:30,52.4155,-4.0829,49.3,88,100,33.22
577,Dunedin,NZ,2022-02-05 19:15:56,-45.8742,170.5036,53.8,69,39,6.42
578,Peniche,PT,2022-02-05 19:17:27,39.3558,-9.3811,55.62,78,0,16.64
579,Tromso,NO,2022-02-05 19:17:27,69.6496,18.957,32.65,64,75,18.41
580,Zhangye,CN,2022-02-05 19:15:13,38.9342,100.4517,18.52,62,100,2.86
581,Vila,PT,2022-02-05 19:17:28,42.0304,-8.1588,44.33,73,0,4.81
582,Dalby,AU,2022-02-05 19:17:28,-27.1833,151.2667,56.98,90,0,11.12
583,Portland,US,2022-02-05 19:13:09,45.5234,-122.6762,50.41,83,75,1.01
