City_ID,City,Country,Date,Lat,Lng,Max Temp,Humidity,Cloudiness,Wind Speed,Current Description
0,Yellowknife,CA,2022-02-05 01:25:50,62.456,-114.3525,-26.72,80,75,3.0,broken clouds
1,Iqaluit,CA,2022-02-05 01:29:23,63.7506,-68.5145,-16.87,52,75,5.75,broken clouds
2,Nador,MA,2022-02-05 01:29:23,35.174,-2.9287,62.85,39,0,9.22,clear sky
3,Mamakan,RU,2022-02-05 01:29:24,57.8161,114.0028,1.45,97,100,2.01,overcast clouds
4,Kushima,JP,2022-02-05 01:29:24,31.4583,131.2333,44.64,57,19,12.55,few clouds
5,Chokurdakh,RU,2022-02-05 01:26:28,70.6333,147.9167,-30.78,100,16,1.72,few clouds
6,Saint George,US,2022-02-05 01:24:25,37.1041,-113.5841,48.79,21,0,8.05,clear sky
7,Ushuaia,AR,2022-02-05 01:27:01,-54.8,-68.3,49.66,66,0,12.66,clear sky
8,Port Elizabeth,ZA,2022-02-05 01:29:24,-33.918,25.5701,68.09,82,75,4.61,broken clouds
9,Sheregesh,RU,2022-02-05 01:29:25,52.9209,87.9869,-1.03,99,87,2.8,overcast clouds
10,Lebu,CL,2022-02-05 01:29:25,-37.6167,-73.65,57.79,87,51,16.91,broken clouds
11,Punta Arenas,CL,2022-02-05 01:29:25,-53.15,-70.9167,50.11,66,0,2.3,clear sky
12,Kapaa,US,2022-02-05 01:29:26,22.0752,-159.319,79.12,73,40,1.99,light rain
13,Albany,US,2022-02-05 01:28:51,42.6001,-73.9662,20.8,85,100,1.01,overcast clouds
14,Provideniya,RU,2022-02-05 01:29:26,64.3833,-173.3,4.3,60,3,10.65,clear sky
15,Pisco,PE,2022-02-05 01:25:55,-13.7,-76.2167,68.05,77,0,16.11,clear sky
16,Caravelas,BR,2022-02-05 01:29:26,-17.7125,-39.2481,77.2,85,100,7.23,overcast clouds
17,Talcahuano,CL,2022-02-05 01:29:26,-36.7167,-73.1167,64.08,63,0,19.57,clear sky
18,Gazli,UZ,2022-02-05 01:29:27,40.1333,63.45,43.32,39,97,16.06,overcast clouds
19,Puerto Ayora,EC,2022-02-05 01:29:27,-0.7393,-90.3518,75.54,92,70,1.99,broken clouds
20,Hobart,AU,2022-02-05 01:27:51,-42.8794,147.3294,67.12,78,75,1.01,broken clouds
21,Bow Island,CA,2022-02-05 01:29:27,49.8668,-111.3684,41.29,60,100,20.71,overcast clouds
22,Derzhavinsk,KZ,2022-02-05 01:29:28,51.1,66.3167,14.74,74,100,10.87,overcast clouds
23,Visnes,NO,2022-02-05 01:29:28,59.3556,5.2242,41.22,75,40,24.16,scattered clouds
24,Zhigansk,RU,2022-02-05 01:29:28,66.7697,123.3711,-30.44,99,99,5.14,overcast clouds
25,Zharkent,KZ,2022-02-05 01:29:28,44.1628,80.0,24.26,60,21,1.23,few clouds
26,Port Lincoln,AU,2022-02-05 01:29:29,-34.7333,135.8667,70.88,66,6,12.66,clear sky
27,Barrow,US,2022-02-05 01:26:03,71.2906,-156.7887,-20.18,69,100,10.36,overcast clouds
28,Avarua,CK,2022-02-05 01:29:29,-21.2078,-159.775,80.65,83,20,8.05,few clouds
29,Pemangkat,ID,2022-02-05 01:29:29,1.1667,108.9667,78.24,85,100,8.7,overcast clouds
30,Souillac,MU,2022-02-05 01:29:30,-20.5167,57.5167,79.36,94,75,14.97,light rain
31,Ribeira Grande,PT,2022-02-05 01:29:30,38.5167,-28.7,59.18,81,28,15.19,scattered clouds
32,Port Alfred,ZA,2022-02-05 01:29:30,-33.5906,26.891,68.74,81,98,7.18,light rain
33,Timmins,CA,2022-02-05 01:26:03,48.4669,-81.3331,-18.58,69,20,0.0,few clouds
34,Khani,GE,2022-02-05 01:29:30,41.9563,42.9566,24.37,99,100,3.47,snow
35,Porto Novo,BJ,2022-02-05 01:29:31,6.4965,2.6036,82.22,86,0,5.91,clear sky
36,Ilulissat,GL,2022-02-05 01:29:31,69.2167,-51.1,12.22,62,75,16.11,light shower snow
37,Castro,BR,2022-02-05 01:29:31,-24.7911,-50.0119,65.46,98,80,3.44,broken clouds
38,Butaritari,KI,2022-02-05 01:29:31,3.0707,172.7902,82.45,77,18,18.81,few clouds
39,Hithadhoo,MV,2022-02-05 01:29:32,-0.6,73.0833,81.61,73,99,10.51,overcast clouds
40,Taicheng,CN,2022-02-05 01:29:32,38.731,113.228,16.39,46,100,4.36,overcast clouds
41,Makakilo City,US,2022-02-05 01:29:32,21.3469,-158.0858,79.68,60,0,11.5,clear sky
42,Manturovo,RU,2022-02-05 01:29:32,58.3353,44.7619,3.99,96,57,6.73,broken clouds
43,Cassilandia,BR,2022-02-05 01:29:33,-19.1133,-51.7342,73.89,86,35,3.02,scattered clouds
44,Vaini,TO,2022-02-05 01:24:55,-21.2,-175.2,78.96,94,100,17.27,overcast clouds
45,Mehamn,NO,2022-02-05 01:29:33,71.0357,27.8492,19.96,88,100,31.52,light snow
46,Port Blair,IN,2022-02-05 01:30:33,11.6667,92.75,75.24,94,40,2.3,mist
47,Saint-Pierre,RE,2022-02-05 01:30:33,-21.3393,55.4781,82.08,65,100,12.66,overcast clouds
48,Mataura,NZ,2022-02-05 01:26:19,-46.1927,168.8643,58.48,40,20,3.2,few clouds
49,Bredasdorp,ZA,2022-02-05 01:26:30,-34.5322,20.0403,63.72,68,92,6.91,overcast clouds
50,Menongue,AO,2022-02-05 01:30:34,-14.6585,17.691,62.17,97,100,6.29,light rain
51,Cape Town,ZA,2022-02-05 01:25:36,-33.9258,18.4232,65.88,67,0,1.99,clear sky
52,Georgetown,MY,2022-02-05 01:30:19,5.4112,100.3354,80.89,89,20,1.01,few clouds
53,Mercedes,AR,2022-02-05 01:30:34,-34.6515,-59.4307,72.84,95,94,3.44,overcast clouds
54,Bluff,NZ,2022-02-05 01:30:35,-46.6,168.3333,59.81,56,60,5.53,broken clouds
55,Noumea,NC,2022-02-05 01:28:00,-22.2763,166.4572,91.38,75,100,7.02,overcast clouds
56,Andenes,NO,2022-02-05 01:30:35,69.3143,16.1194,26.58,80,75,23.02,broken clouds
57,Hilo,US,2022-02-05 01:27:40,19.7297,-155.09,78.53,78,100,9.22,overcast clouds
58,Cidreira,BR,2022-02-05 01:30:35,-30.1811,-50.2056,73.0,91,17,4.16,few clouds
59,Luderitz,NA,2022-02-05 01:30:36,-26.6481,15.1594,67.84,73,86,4.43,overcast clouds
60,Nemuro,JP,2022-02-05 01:30:36,43.3236,145.575,25.23,67,5,14.76,clear sky
61,Puerto Madryn,AR,2022-02-05 01:28:58,-42.7692,-65.0385,60.1,66,99,21.03,light rain
62,Mahebourg,MU,2022-02-05 01:26:23,-20.4081,57.7,79.25,94,75,14.97,broken clouds
63,Vyartsilya,RU,2022-02-05 01:30:36,62.1764,30.693,14.97,90,100,15.64,overcast clouds
64,Chuy,UY,2022-02-05 01:30:37,-33.6971,-53.4616,69.04,94,0,4.76,clear sky
65,Council Bluffs,US,2022-02-05 01:29:36,41.2619,-95.8608,21.42,34,0,9.22,clear sky
66,Saint-Philippe,RE,2022-02-05 01:30:37,-21.3585,55.7679,81.99,89,100,25.64,moderate rain
67,Mar Del Plata,AR,2022-02-05 01:30:37,-38.0023,-57.5575,69.1,81,100,3.0,moderate rain
68,Rikitea,PF,2022-02-05 01:30:38,-23.1203,-134.9692,79.05,68,4,7.18,clear sky
69,Plettenberg Bay,ZA,2022-02-05 01:30:38,-34.0527,23.3716,62.06,78,0,6.06,clear sky
70,Busselton,AU,2022-02-05 01:30:38,-33.65,115.3333,85.95,30,14,6.62,few clouds
71,Okhotsk,RU,2022-02-05 01:30:39,59.3833,143.3,4.53,71,99,16.15,overcast clouds
72,Kholodnyy,RU,2022-02-05 01:30:39,62.7167,147.95,-10.86,74,68,4.18,broken clouds
73,Le Port,RE,2022-02-05 01:30:39,-20.9373,55.2919,82.4,86,100,22.86,light rain
74,Ligayan,PH,2022-02-05 01:30:40,4.6533,119.4706,80.04,80,100,7.34,overcast clouds
75,Guozhen,CN,2022-02-05 01:30:40,34.3659,107.359,33.8,50,100,5.61,light snow
76,Hermanus,ZA,2022-02-05 01:30:41,-34.4187,19.2345,63.81,70,1,18.03,clear sky
77,Lompoc,US,2022-02-05 01:25:49,34.6391,-120.4579,65.37,55,0,11.5,clear sky
78,College,US,2022-02-05 01:30:42,64.8569,-147.8028,6.8,63,75,3.44,broken clouds
79,Luau,AO,2022-02-05 01:30:42,-10.7073,22.2247,60.33,99,100,3.42,overcast clouds
80,Kavaratti,IN,2022-02-05 01:30:42,10.5669,72.642,77.61,59,88,4.27,overcast clouds
81,Hasaki,JP,2022-02-05 01:30:43,35.7333,140.8333,43.29,38,6,18.07,clear sky
82,Gat,IL,2022-02-05 01:30:43,31.61,34.7642,56.08,100,83,11.79,broken clouds
83,Price,US,2022-02-05 01:30:44,39.5994,-110.8107,31.26,40,0,0.0,clear sky
84,Saskylakh,RU,2022-02-05 01:30:44,71.9167,114.0833,-9.0,99,99,5.28,overcast clouds
85,Katsuura,JP,2022-02-05 01:30:44,35.1333,140.3,44.71,42,96,12.48,overcast clouds
86,Kumluca,TR,2022-02-05 01:30:45,36.3703,30.2869,42.67,41,13,7.85,few clouds
87,Tuktoyaktuk,CA,2022-02-05 01:30:45,69.4541,-133.0374,-23.8,76,20,16.11,few clouds
88,Fandriana,MG,2022-02-05 01:30:45,-20.2333,47.3833,62.73,99,100,8.37,light rain
89,Cayenne,GF,2022-02-05 01:30:11,4.9333,-52.3333,79.09,88,75,7.0,broken clouds
90,Thompson,CA,2022-02-05 01:26:34,55.7435,-97.8558,-16.44,69,0,5.75,clear sky
91,Barsovo,RU,2022-02-05 01:30:46,61.1667,73.1667,17.73,97,100,4.38,overcast clouds
92,Vestmannaeyjar,IS,2022-02-05 01:31:46,63.4427,-20.2734,31.68,68,100,29.95,snow
93,Fayaoue,NC,2022-02-05 01:31:46,-20.65,166.5333,82.0,84,100,19.37,overcast clouds
94,Muros,ES,2022-02-05 01:31:47,42.7762,-9.0603,52.23,85,99,14.05,overcast clouds
95,Leningradskiy,RU,2022-02-05 01:27:35,69.3833,178.4167,-15.03,92,75,8.93,broken clouds
96,Jamestown,US,2022-02-05 01:27:05,42.097,-79.2353,19.09,51,100,4.61,overcast clouds
97,Arriaga,MX,2022-02-05 01:31:47,16.2333,-93.9,70.23,66,38,20.8,scattered clouds
98,Sao Jose Da Coroa Grande,BR,2022-02-05 01:31:47,-8.8978,-35.1478,78.55,76,5,7.65,clear sky
99,Lukh,RU,2022-02-05 01:31:48,57.0124,42.2584,3.65,97,51,8.59,broken clouds
100,Lynn Haven,US,2022-02-05 01:31:48,30.2455,-85.6483,48.18,95,100,5.01,overcast clouds
101,Esperance,AU,2022-02-05 01:31:48,-33.8667,121.9,82.24,47,3,9.15,clear sky
102,Nabire,ID,2022-02-05 01:31:48,-3.3667,135.4833,85.78,65,100,4.7,overcast clouds
103,Riyadh,SA,2022-02-05 01:30:32,24.6877,46.7219,68.14,36,13,19.73,few clouds
104,Taltal,CL,2022-02-05 01:31:49,-25.4,-70.4833,68.65,70,0,5.41,clear sky
105,Ola,RU,2022-02-05 01:31:49,59.5833,151.2833,4.01,72,9,10.63,clear sky
106,Tatsuno,JP,2022-02-05 01:27:24,34.8667,134.55,42.4,45,22,20.67,few clouds
107,Airai,TL,2022-02-05 01:31:50,-8.9266,125.4092,71.62,69,100,2.1,overcast clouds
108,Port-Gentil,GA,2022-02-05 01:31:50,-0.7193,8.7815,79.43,80,53,8.7,broken clouds
109,Lampazos De Naranjo,MX,2022-02-05 01:31:50,27.0167,-100.5167,39.99,37,0,6.4,clear sky
110,Norman Wells,CA,2022-02-05 01:31:50,65.282,-126.8329,-7.56,64,75,21.85,broken clouds
111,Nanortalik,GL,2022-02-05 01:31:51,60.1432,-45.2371,11.89,65,94,39.62,overcast clouds
112,Vila Velha,BR,2022-02-05 01:31:25,-20.3297,-40.2925,73.35,96,75,1.01,mist
113,Fortuna,US,2022-02-05 01:31:51,40.5982,-124.1573,51.48,89,0,10.36,clear sky
114,Guerrero Negro,MX,2022-02-05 01:31:52,27.9769,-114.0611,61.3,33,0,3.71,clear sky
115,Zatoka,UA,2022-02-05 01:31:52,46.0725,30.4654,34.34,70,87,3.98,overcast clouds
116,Mbuji-Mayi,CD,2022-02-05 01:31:52,-6.15,23.6,66.83,93,100,2.21,overcast clouds
117,Arona,ES,2022-02-05 01:31:53,28.0996,-16.681,60.75,47,0,1.99,clear sky
118,Cervo,ES,2022-02-05 01:31:53,43.6702,-7.4101,49.96,73,100,8.59,overcast clouds
119,Jinchang,CN,2022-02-05 01:31:53,38.4953,102.1739,17.22,40,100,4.79,overcast clouds
120,Kuala Terengganu,MY,2022-02-05 01:31:53,5.3302,103.1408,82.35,78,40,9.22,scattered clouds
121,Tasiilaq,GL,2022-02-05 01:31:54,65.6145,-37.6368,24.96,69,100,42.73,overcast clouds
122,New Norfolk,AU,2022-02-05 01:31:54,-42.7826,147.0587,66.76,54,97,1.01,overcast clouds
123,Pokosnoye,RU,2022-02-05 01:31:54,55.5258,101.0536,7.43,91,100,5.08,overcast clouds
124,Nuevo Progreso,MX,2022-02-05 01:31:55,23.1667,-97.95,50.59,37,100,1.01,overcast clouds
125,Sehithwa,BW,2022-02-05 01:31:55,-20.4667,22.7167,71.1,79,87,5.14,overcast clouds
126,Bambous Virieux,MU,2022-02-05 01:31:55,-20.3428,57.7575,79.21,94,75,14.97,moderate rain
127,Kaeo,NZ,2022-02-05 01:31:56,-35.1,173.7833,77.32,86,48,12.64,scattered clouds
128,Severo-Kurilsk,RU,2022-02-05 01:31:56,50.6789,156.125,31.28,87,92,8.84,light snow
129,Vila Franca Do Campo,PT,2022-02-05 01:31:56,37.7167,-25.4333,59.2,78,100,9.15,overcast clouds
130,Coquimbo,CL,2022-02-05 01:31:57,-29.9533,-71.3436,64.13,82,0,3.44,clear sky
131,Grindavik,IS,2022-02-05 01:31:57,63.8424,-22.4338,27.07,63,100,21.85,snow
132,Dingle,PH,2022-02-05 01:31:57,10.9995,122.6711,79.32,77,87,16.82,overcast clouds
133,Namibe,AO,2022-02-05 01:31:58,-15.1961,12.1522,70.79,70,16,6.55,few clouds
134,Asino,RU,2022-02-05 01:31:58,56.9979,86.1452,16.59,81,100,14.12,overcast clouds
135,Port Shepstone,ZA,2022-02-05 01:31:58,-30.7414,30.455,70.25,90,100,6.38,light rain
136,Arraial Do Cabo,BR,2022-02-05 01:31:58,-22.9661,-42.0278,75.97,86,100,21.81,overcast clouds
137,Brownwood,US,2022-02-05 01:32:59,31.7093,-98.9912,31.32,80,0,0.0,clear sky
138,Hokitika,NZ,2022-02-05 01:32:59,-42.7167,170.9667,62.67,79,100,6.53,overcast clouds
139,Husavik,IS,2022-02-05 01:32:59,66.0449,-17.3389,15.71,93,100,6.33,light snow
140,Prainha,BR,2022-02-05 01:33:00,-1.8,-53.48,74.17,94,98,3.22,overcast clouds
141,Troutdale,US,2022-02-05 01:33:00,45.5393,-122.3873,49.6,86,100,1.01,overcast clouds
142,Atuona,PF,2022-02-05 01:33:00,-9.8,-139.0333,78.37,77,25,15.9,scattered clouds
143,Esso,RU,2022-02-05 01:33:01,55.9333,158.7,14.83,89,100,4.63,overcast clouds
144,Izhma,RU,2022-02-05 01:33:01,65.0083,53.9113,-11.54,100,96,1.99,overcast clouds
145,Cabo San Lucas,MX,2022-02-05 01:29:03,22.8909,-109.9124,69.51,64,0,4.61,clear sky
146,Langenburg,DE,2022-02-05 01:33:01,49.2544,9.8458,37.92,80,20,14.97,few clouds
147,Angoche,MZ,2022-02-05 01:33:02,-16.2325,39.9086,73.62,93,100,6.13,overcast clouds
148,Cherskiy,RU,2022-02-05 01:33:02,68.75,161.3,-29.61,96,10,4.25,clear sky
149,Sitka,US,2022-02-05 01:33:02,57.0531,-135.33,42.69,87,100,8.05,moderate rain
150,Qaanaaq,GL,2022-02-05 01:33:03,77.484,-69.3632,1.17,70,100,6.51,overcast clouds
151,Raymond,US,2022-02-05 01:33:03,43.9015,-70.4703,20.35,88,100,5.66,snow
152,Zilair,RU,2022-02-05 01:33:04,52.2332,57.4392,18.1,96,100,11.25,overcast clouds
153,Biak,ID,2022-02-05 01:33:04,-0.9131,122.8766,83.41,67,96,2.19,overcast clouds
154,Oistins,BB,2022-02-05 01:33:04,13.0667,-59.5333,77.09,69,40,11.5,scattered clouds
155,Clyde River,CA,2022-02-05 01:33:05,70.4692,-68.5914,-10.97,77,40,16.11,light snow
156,Popova,RU,2022-02-05 01:33:05,42.9603,131.7228,8.69,56,7,15.68,clear sky
157,San Cristobal,VE,2022-02-05 01:33:05,7.7669,-72.225,71.78,90,57,1.86,broken clouds
158,Mayo,US,2022-02-05 01:33:06,38.8876,-76.5119,38.41,85,100,8.99,light intensity drizzle
159,Puerto Escondido,MX,2022-02-05 01:33:06,15.85,-97.0667,79.63,73,0,0.0,clear sky
160,Miracatu,BR,2022-02-05 01:33:06,-24.2814,-47.4597,74.16,97,100,3.13,heavy intensity rain
161,Tumen,CN,2022-02-05 01:33:06,42.9661,129.8425,12.67,54,42,14.63,scattered clouds
162,Itarema,BR,2022-02-05 01:33:07,-2.9248,-39.9167,79.05,80,65,10.27,broken clouds
163,Lanzhou,CN,2022-02-05 01:33:07,36.0564,103.7922,18.68,89,100,6.51,light snow
164,Tautira,PF,2022-02-05 01:33:08,-17.7333,-149.15,86.02,75,26,14.0,light rain
165,La Ronge,CA,2022-02-05 01:33:08,55.1001,-105.2842,-9.15,77,100,6.91,overcast clouds
166,Monte Patria,CL,2022-02-05 01:33:08,-30.6919,-70.9467,72.93,44,0,2.28,clear sky
167,Khatanga,RU,2022-02-05 01:33:08,71.9667,102.5,-35.9,100,87,2.66,overcast clouds
168,Klaksvik,FO,2022-02-05 01:33:09,62.2266,-6.589,36.52,54,96,23.87,overcast clouds
169,Upernavik,GL,2022-02-05 01:33:09,72.7868,-56.1549,2.25,97,100,10.54,overcast clouds
170,Nikolskoye,RU,2022-02-05 01:33:09,59.7035,30.7861,19.29,88,99,11.95,overcast clouds
171,Staunton,US,2022-02-05 01:31:15,38.1496,-79.0717,42.24,58,100,1.99,overcast clouds
172,Kasane,BW,2022-02-05 01:33:10,-17.8167,25.15,64.49,96,98,2.91,overcast clouds
173,Diamantino,BR,2022-02-05 01:33:10,-14.4086,-56.4461,73.38,90,61,3.0,broken clouds
174,Palmer,US,2022-02-05 01:33:10,42.1584,-72.3287,30.85,86,100,3.0,overcast clouds
175,Tuatapere,NZ,2022-02-05 01:33:11,-46.1333,167.6833,59.83,52,30,7.78,scattered clouds
176,Payo,ID,2022-02-05 01:33:11,-3.7508,103.6372,72.7,99,100,2.55,overcast clouds
177,Teya,RU,2022-02-05 01:33:11,60.3778,92.6267,17.65,90,100,8.34,overcast clouds
178,Acarau,BR,2022-02-05 01:33:12,-2.8856,-40.12,78.73,82,40,10.89,scattered clouds
179,Krasnoselkup,RU,2022-02-05 01:33:12,65.7,82.4667,16.07,96,100,5.57,light snow
180,Penzance,GB,2022-02-05 01:33:12,50.1186,-5.5371,45.77,68,6,15.68,clear sky
181,Buy,RU,2022-02-05 01:33:12,58.4786,41.53,-5.89,100,100,4.94,overcast clouds
182,Tabou,CI,2022-02-05 01:33:13,4.423,-7.3528,79.29,81,19,5.55,few clouds
183,Mount Gambier,AU,2022-02-05 01:34:13,-37.8333,140.7667,73.31,46,40,12.66,scattered clouds
184,Torbay,CA,2022-02-05 01:34:13,47.6666,-52.7314,33.76,97,100,10.36,fog
185,Trentola-Ducenta,IT,2022-02-05 01:34:14,40.9754,14.1762,56.86,82,75,7.0,broken clouds
186,Talnakh,RU,2022-02-05 01:34:14,69.4865,88.3972,-6.95,97,91,4.97,overcast clouds
187,Zhanakorgan,KZ,2022-02-05 01:34:14,43.9098,67.2495,27.23,75,100,5.3,overcast clouds
188,Mackenzie,CA,2022-02-05 01:31:37,55.2999,-123.1698,35.82,87,100,11.5,overcast clouds
189,Alghero,IT,2022-02-05 01:34:15,40.5589,8.3181,50.99,93,0,2.3,clear sky
190,Saint Anthony,US,2022-02-05 01:34:15,45.0205,-93.218,4.84,69,0,1.01,clear sky
191,Tilichiki,RU,2022-02-05 01:34:16,60.4667,166.1,-1.64,73,100,9.46,overcast clouds
192,Vallenar,CL,2022-02-05 01:34:16,-28.5708,-70.7581,69.93,54,0,0.4,clear sky
193,Banff,CA,2022-02-05 01:34:16,51.1762,-115.5698,36.63,69,81,6.91,broken clouds
194,Gizo,SB,2022-02-05 01:34:17,-8.103,156.8419,85.87,72,100,14.27,overcast clouds
195,Hofn,IS,2022-02-05 01:34:17,64.2539,-15.2082,25.81,64,100,13.98,overcast clouds
196,Geraldton,AU,2022-02-05 01:31:21,-28.7667,114.6,103.12,8,0,19.57,clear sky
197,Nybro,SE,2022-02-05 01:34:17,56.7446,15.9071,35.22,82,100,12.28,overcast clouds
198,Portland,US,2022-02-05 01:34:18,45.5234,-122.6762,50.2,87,100,1.99,overcast clouds
199,Phan Thiet,VN,2022-02-05 01:31:54,10.9333,108.1,82.71,56,93,13.71,overcast clouds
200,Laguna,US,2022-02-05 01:34:18,38.421,-121.4238,62.89,41,0,3.44,clear sky
201,Melilla,ES,2022-02-05 01:34:18,35.2937,-2.9383,62.98,39,0,9.22,clear sky
202,Funadhoo,MV,2022-02-05 01:34:19,6.15,73.2667,80.96,67,53,10.47,broken clouds
203,East London,ZA,2022-02-05 01:34:19,-33.0153,27.9116,68.38,89,100,7.65,light rain
204,Alice Springs,AU,2022-02-05 01:34:19,-23.7,133.8833,74.75,41,0,6.91,clear sky
205,Puerto Del Rosario,ES,2022-02-05 01:34:20,28.5004,-13.8627,65.95,59,95,3.44,overcast clouds
206,Stornoway,GB,2022-02-05 01:34:20,58.2093,-6.3865,36.03,90,40,4.0,scattered clouds
207,Nyurba,RU,2022-02-05 01:34:20,63.2842,118.3319,-18.09,98,94,1.9,overcast clouds
208,Ostrovnoy,RU,2022-02-05 01:34:21,68.0531,39.5131,12.63,86,100,21.36,overcast clouds
209,Ponta Do Sol,PT,2022-02-05 01:34:21,32.6667,-17.1,63.12,58,92,3.76,overcast clouds
210,Lesozavodsk,RU,2022-02-05 01:34:21,45.4794,133.4244,0.43,85,92,4.25,overcast clouds
211,Vilyuysk,RU,2022-02-05 01:34:22,63.7553,121.6247,-24.32,99,62,2.91,broken clouds
212,Kodiak,US,2022-02-05 01:34:22,57.79,-152.4072,38.71,81,100,3.44,overcast clouds
213,Gladstone,AU,2022-02-05 01:31:21,-23.85,151.25,82.33,47,22,13.8,few clouds
214,Faya,SA,2022-02-05 01:34:22,18.3851,42.4509,54.12,91,22,6.02,few clouds
215,Narsaq,GL,2022-02-05 01:34:22,60.9167,-46.05,-0.89,53,0,16.4,clear sky
216,Pevek,RU,2022-02-05 01:34:23,69.7008,170.3133,-24.09,100,100,5.21,overcast clouds
217,Dunedin,NZ,2022-02-05 01:30:06,-45.8742,170.5036,60.8,45,100,4.0,overcast clouds
218,Iquitos,PE,2022-02-05 01:30:00,-3.7481,-73.2472,75.24,94,40,1.14,scattered clouds
219,Saldanha,ZA,2022-02-05 01:34:23,-33.0117,17.9442,59.05,74,0,10.33,clear sky
220,Ulaanbaatar,MN,2022-02-05 01:31:42,47.9077,106.8832,-21.87,69,16,0.0,few clouds
221,Flin Flon,CA,2022-02-05 01:30:19,54.7682,-101.865,-9.81,95,100,5.75,overcast clouds
222,Chilca,PE,2022-02-05 01:34:23,-12.5211,-76.7372,71.76,86,94,5.64,overcast clouds
223,Hami,CN,2022-02-05 01:34:23,42.8,93.45,23.79,35,100,1.81,overcast clouds
224,Kasongo-Lunda,CD,2022-02-05 01:34:24,-6.4667,16.8167,67.77,97,91,0.76,light rain
225,Yendi,GH,2022-02-05 01:34:24,9.4427,-0.0099,74.84,15,0,6.4,clear sky
226,Pyshchug,RU,2022-02-05 01:34:24,58.8873,45.7134,3.31,96,64,6.98,broken clouds
227,Bardiyah,LY,2022-02-05 01:34:25,31.7561,25.0865,50.47,76,0,11.97,clear sky
228,Ketchikan,US,2022-02-05 01:35:25,55.3422,-131.6461,44.58,87,100,3.44,overcast clouds
229,Slonim,BY,2022-02-05 01:35:25,53.0867,25.3219,32.76,98,100,10.65,light snow
230,Serenje,ZM,2022-02-05 01:34:14,-13.2325,30.2352,60.08,98,100,5.08,overcast clouds
231,Belmonte,BR,2022-02-05 01:35:26,-15.8631,-38.8828,79.3,87,100,8.39,overcast clouds
232,Havoysund,NO,2022-02-05 01:35:26,70.9963,24.6622,18.48,77,100,23.31,overcast clouds
233,Yemtsa,RU,2022-02-05 01:35:26,63.0734,40.3329,-4.05,100,74,4.74,broken clouds
234,Frontera,MX,2022-02-05 01:35:27,26.9333,-101.45,40.32,56,3,2.98,clear sky
235,Buala,SB,2022-02-05 01:35:27,-8.145,159.5921,83.48,79,100,9.01,light rain
236,Ancud,CL,2022-02-05 01:35:27,-41.8697,-73.8203,56.43,90,8,3.0,clear sky
237,Makat,KZ,2022-02-05 01:35:28,47.6469,53.3463,30.96,93,100,6.17,overcast clouds
238,Whitehorse,CA,2022-02-05 01:35:28,60.7161,-135.0538,0.01,78,75,0.0,light snow
239,Cabedelo,BR,2022-02-05 01:35:28,-6.9811,-34.8339,81.27,75,8,9.89,clear sky
240,Astaneh-Ye Ashrafiyeh,IR,2022-02-05 01:35:29,37.2596,49.9444,48.13,90,16,3.83,few clouds
241,Korla,CN,2022-02-05 01:30:54,41.7597,86.1469,25.05,46,100,5.75,overcast clouds
242,Paita,PE,2022-02-05 01:35:29,-5.0892,-81.1144,71.78,81,37,13.24,scattered clouds
243,Bom Jesus,BR,2022-02-05 01:35:29,-9.0744,-44.3586,76.28,64,99,0.43,overcast clouds
244,Sicamous,CA,2022-02-05 01:35:30,50.8331,-118.9856,33.19,98,100,2.89,overcast clouds
245,Velasco Ibarra,EC,2022-02-05 01:35:30,-1.05,-79.6167,73.49,91,46,6.46,light rain
246,Koumac,NC,2022-02-05 01:35:30,-20.5667,164.2833,81.93,81,100,13.53,moderate rain
247,Akyab,MM,2022-02-05 01:35:31,20.15,92.9,69.94,65,3,3.29,clear sky
248,Vanavara,RU,2022-02-05 01:35:31,60.34,102.2797,7.14,94,100,5.97,overcast clouds
249,Carnarvon,AU,2022-02-05 01:35:31,-24.8667,113.6333,100.47,13,11,14.97,few clouds
250,Ahipara,NZ,2022-02-05 01:35:32,-35.1667,173.1667,74.43,86,87,15.66,overcast clouds
251,Carballo,ES,2022-02-05 01:35:32,43.213,-8.691,50.02,93,99,6.93,overcast clouds
252,Dikson,RU,2022-02-05 01:35:32,73.5069,80.5464,-1.34,93,100,5.73,overcast clouds
253,Saint-Augustin,CA,2022-02-05 01:35:33,51.226,-58.6502,-9.26,86,100,10.04,overcast clouds
254,Sobradinho,BR,2022-02-05 01:35:33,-12.8333,-39.1,73.15,92,94,2.64,overcast clouds
255,Kingman,US,2022-02-05 01:35:33,35.1894,-114.053,48.11,17,0,11.5,clear sky
256,Kahului,US,2022-02-05 01:35:33,20.8947,-156.47,83.46,69,40,17.27,scattered clouds
257,Balkanabat,TM,2022-02-05 01:35:34,39.5108,54.3671,53.33,52,99,6.62,overcast clouds
258,Tranas,SE,2022-02-05 01:35:34,58.0372,14.9782,34.79,83,100,11.5,overcast clouds
259,General Roca,AR,2022-02-05 01:35:34,-39.0333,-67.5833,64.8,64,61,17.4,light rain
260,Tarko-Sale,RU,2022-02-05 01:35:35,64.9225,77.785,13.71,95,100,12.12,light snow
261,Ulladulla,AU,2022-02-05 01:35:35,-35.35,150.4667,72.5,57,17,14.61,few clouds
262,Razole,IN,2022-02-05 01:35:35,16.4833,81.8333,71.89,93,39,2.08,scattered clouds
263,Burgeo,CA,2022-02-05 01:35:36,47.6167,-57.6152,22.1,92,100,26.44,light snow
264,Mareeba,AU,2022-02-05 01:35:36,-17.0,145.4333,80.65,73,100,2.55,overcast clouds
265,Eyl,SO,2022-02-05 01:35:36,7.9803,49.8164,68.83,74,11,9.57,few clouds
266,Vao,NC,2022-02-05 01:35:37,-22.6667,167.4833,80.28,87,100,11.88,moderate rain
267,Pokhara,NP,2022-02-05 01:35:37,28.2333,83.9833,44.96,89,99,2.46,overcast clouds
268,Thurso,GB,2022-02-05 01:35:37,58.5927,-3.5259,35.85,67,50,24.85,scattered clouds
269,Antalaha,MG,2022-02-05 01:35:38,-14.9003,50.2788,76.35,79,100,4.79,overcast clouds
270,Liverpool,GB,2022-02-05 01:33:03,53.4106,-2.9779,42.82,83,100,8.99,overcast clouds
271,Turbat,PK,2022-02-05 01:35:38,26.0023,63.044,61.92,16,0,1.36,clear sky
272,Longyearbyen,SJ,2022-02-05 01:35:38,78.2186,15.6401,15.64,57,40,25.32,scattered clouds
273,Flinders,AU,2022-02-05 01:35:38,-34.5833,150.8552,73.2,54,64,15.99,broken clouds
274,Victoria,HK,2022-02-05 01:36:39,22.2855,114.1577,60.24,78,100,1.01,overcast clouds
275,Alofi,NU,2022-02-05 01:36:39,-19.0595,-169.9187,80.49,89,100,8.05,overcast clouds
276,Boshnyakovo,RU,2022-02-05 01:36:39,49.6333,142.1667,8.47,90,100,13.53,overcast clouds
277,Liberal,US,2022-02-05 01:36:40,37.0431,-100.921,27.63,79,0,10.36,clear sky
278,Domoni,KM,2022-02-05 01:36:40,-12.2569,44.5319,79.23,80,19,8.37,few clouds
279,Mount Pleasant,US,2022-02-05 01:32:18,32.7941,-79.8626,66.18,98,100,1.99,overcast clouds
280,Benguela,AO,2022-02-05 01:36:40,-12.5763,13.4055,73.94,73,100,4.94,overcast clouds
281,Yerbogachen,RU,2022-02-05 01:36:40,61.2767,108.0108,-17.41,100,96,3.8,overcast clouds
282,Verkh-Usugli,RU,2022-02-05 01:36:41,52.7,115.1667,0.64,76,25,2.35,scattered clouds
283,San Vicente,AR,2022-02-05 01:36:41,-26.6167,-54.1333,67.66,95,5,2.15,light rain
284,Diffa,NE,2022-02-05 01:36:41,13.3154,12.6113,61.65,40,4,11.61,clear sky
285,Kainantu,PG,2022-02-05 01:36:16,-6.2887,145.8655,78.13,56,66,3.44,broken clouds
286,Victor Harbor,AU,2022-02-05 01:36:42,-35.5667,138.6167,85.8,64,73,1.01,broken clouds
287,Feijo,BR,2022-02-05 01:36:42,-8.1642,-70.3536,72.09,99,98,2.37,overcast clouds
288,Hambantota,LK,2022-02-05 01:34:36,6.1241,81.1185,71.94,100,20,3.44,few clouds
289,Hanna,CA,2022-02-05 01:36:42,51.6334,-111.9018,18.86,86,100,1.99,overcast clouds
290,Sao Filipe,CV,2022-02-05 01:36:42,14.8961,-24.4956,73.08,73,0,9.26,clear sky
291,Kruisfontein,ZA,2022-02-05 01:36:43,-34.0033,24.7314,65.88,80,46,3.62,scattered clouds
292,Pokrovskoye,RU,2022-02-05 01:36:43,47.4157,38.8971,30.81,79,100,10.47,overcast clouds
293,Bailen,ES,2022-02-05 01:36:43,38.0964,-3.7779,56.66,58,100,0.92,overcast clouds
294,Lagoa,PT,2022-02-05 01:36:44,39.05,-27.9833,57.78,83,74,19.6,broken clouds
295,Emporia,US,2022-02-05 01:36:44,38.4039,-96.1817,21.4,73,0,6.91,clear sky
296,Olkhovatka,RU,2022-02-05 01:36:45,50.2831,39.2872,4.19,99,83,5.75,broken clouds
297,Ayabaca,PE,2022-02-05 01:36:45,-4.6398,-79.7149,49.53,90,100,2.86,overcast clouds
298,Barentu,ER,2022-02-05 01:36:45,15.1139,37.5928,61.56,81,2,2.84,clear sky
299,Bathsheba,BB,2022-02-05 01:36:46,13.2167,-59.5167,77.61,69,40,11.5,scattered clouds
300,Divnomorskoye,RU,2022-02-05 01:36:46,44.5011,38.1353,32.61,80,100,9.84,overcast clouds
301,Zhangye,CN,2022-02-05 01:36:46,38.9342,100.4517,19.09,32,100,2.66,overcast clouds
302,Natal,BR,2022-02-05 01:34:18,-5.795,-35.2094,81.25,78,40,11.5,scattered clouds
303,Champerico,GT,2022-02-05 01:36:46,14.3,-91.9167,82.35,71,5,5.1,clear sky
304,Port Hardy,CA,2022-02-05 01:36:47,50.6996,-127.4199,44.78,87,100,5.75,light rain
305,Guarapari,BR,2022-02-05 01:36:47,-20.6667,-40.4975,73.29,87,100,12.59,overcast clouds
306,Muroto,JP,2022-02-05 01:36:47,33.2833,134.15,42.84,48,51,18.43,broken clouds
307,Barda,AZ,2022-02-05 01:36:48,40.3744,47.1267,46.02,46,95,27.18,overcast clouds
308,Broome,US,2022-02-05 01:36:48,42.2506,-75.833,17.71,81,100,1.99,overcast clouds
309,Aviles,ES,2022-02-05 01:36:48,43.5547,-5.9248,54.37,91,75,1.99,light rain
310,Bontang,ID,2022-02-05 01:36:48,0.1333,117.5,82.62,68,100,4.38,overcast clouds
311,Aklavik,CA,2022-02-05 01:36:49,68.2191,-135.0107,-21.28,91,6,17.49,clear sky
312,Yuancheng,CN,2022-02-05 01:36:49,36.652,107.7896,21.65,30,100,9.35,overcast clouds
313,Hovd,MN,2022-02-05 01:36:49,48.0056,91.6419,-11.22,78,7,3.22,clear sky
314,Lac Du Bonnet,CA,2022-02-05 01:36:50,50.2536,-96.0612,-16.29,99,93,3.31,overcast clouds
315,Cockburn Town,TC,2022-02-05 01:36:50,21.4612,-71.1419,75.16,64,40,11.5,scattered clouds
316,Rathdrum,US,2022-02-05 01:36:50,47.8137,-116.892,38.21,93,100,1.99,overcast clouds
317,Collipulli,CL,2022-02-05 01:36:51,-37.95,-72.4333,58.44,68,100,6.62,overcast clouds
318,Kalabo,ZM,2022-02-05 01:37:51,-14.97,22.6814,64.72,96,96,4.07,overcast clouds
319,Coahuayana,MX,2022-02-05 01:37:51,18.7333,-103.6833,80.08,77,5,1.9,clear sky
320,Tottori,JP,2022-02-05 01:37:51,35.5,134.2333,32.0,93,75,12.66,broken clouds
321,Moree,AU,2022-02-05 01:37:52,-29.4667,149.85,80.62,28,3,16.11,clear sky
322,Praid,RO,2022-02-05 01:37:52,46.55,25.1333,22.32,83,33,2.68,scattered clouds
323,Igrim,RU,2022-02-05 01:37:52,63.1906,64.4162,-13.5,100,79,2.59,broken clouds
324,Balabac,PH,2022-02-05 01:37:53,7.9868,117.0645,80.65,82,100,21.74,heavy intensity rain
325,Khash,IR,2022-02-05 01:37:53,28.2211,61.2158,47.86,18,0,1.99,clear sky
326,Arica,CL,2022-02-05 01:37:53,-18.475,-70.3042,66.43,77,0,1.14,clear sky
327,Roald,NO,2022-02-05 01:37:53,62.5833,6.1333,39.33,70,75,32.21,broken clouds
328,Yablonovo,RU,2022-02-05 01:37:54,50.8523,37.3574,15.66,97,35,7.58,scattered clouds
329,Cabanas,CU,2022-02-05 01:37:54,22.9758,-82.9219,73.87,85,0,4.88,clear sky
330,Lorengau,PG,2022-02-05 01:37:54,-2.0226,147.2712,85.05,63,96,8.52,overcast clouds
331,The Valley,AI,2022-02-05 01:37:55,18.217,-63.0578,73.26,79,100,15.21,overcast clouds
332,Lynchburg,US,2022-02-05 01:34:30,37.4138,-79.1423,46.56,76,100,0.0,overcast clouds
333,Moses Lake,US,2022-02-05 01:37:55,47.1301,-119.2781,31.6,86,40,3.44,scattered clouds
334,Notre-Dame-Du-Lac,CA,2022-02-05 01:37:55,47.6136,-68.7964,9.25,96,100,6.51,light snow
335,Batagay-Alyta,RU,2022-02-05 01:37:55,67.8006,130.4114,-22.54,97,71,1.63,broken clouds
336,Harper,LR,2022-02-05 01:37:56,4.375,-7.7169,78.66,83,73,5.12,light rain
337,Mabaruma,GY,2022-02-05 01:37:56,8.2,-59.7833,73.18,90,11,3.6,few clouds
338,Bath,GB,2022-02-05 01:37:56,51.3779,-2.3591,40.78,90,4,8.1,clear sky
339,Fairlie,GB,2022-02-05 01:37:57,55.756,-4.8556,40.91,83,44,11.01,scattered clouds
340,Temir,KZ,2022-02-05 01:37:57,49.1414,57.13,26.04,89,100,16.8,overcast clouds
341,Ogaminana,NG,2022-02-05 01:37:57,7.5946,6.2248,73.22,34,0,1.95,clear sky
342,Asau,RO,2022-02-05 01:37:58,46.4333,26.4,22.12,74,42,5.99,scattered clouds
343,Dakar,SN,2022-02-05 01:37:58,14.6937,-17.4441,70.68,88,0,4.61,clear sky
344,Tomatlan,MX,2022-02-05 01:37:58,19.9333,-105.25,67.93,75,4,2.06,clear sky
345,Bria,CF,2022-02-05 01:37:58,6.5423,21.9863,71.92,27,25,5.03,scattered clouds
346,Kenai,US,2022-02-05 01:37:59,60.5544,-151.2583,30.02,93,100,0.0,overcast clouds
347,Rawson,AR,2022-02-05 01:37:59,-43.3002,-65.1023,59.59,57,86,19.06,overcast clouds
348,Naryan-Mar,RU,2022-02-05 01:37:59,67.6713,53.087,-15.66,100,100,5.55,overcast clouds
349,Kargil,IN,2022-02-05 01:38:00,34.5667,76.1,-23.91,91,77,2.8,broken clouds
350,Sault Sainte Marie,CA,2022-02-05 01:38:00,46.5168,-84.3333,5.56,48,100,4.61,overcast clouds
351,Qandala,SO,2022-02-05 01:38:00,11.472,49.8728,73.45,52,0,2.15,clear sky
352,Hobyo,SO,2022-02-05 01:38:00,5.3505,48.5268,74.57,71,19,14.23,few clouds
353,Ishim,RU,2022-02-05 01:38:01,56.1128,69.4902,18.93,82,100,9.4,overcast clouds
354,Moryakovskiy Zaton,RU,2022-02-05 01:38:01,56.6956,84.6467,17.11,83,100,10.63,overcast clouds
355,Listvyanskiy,RU,2022-02-05 01:38:01,54.4399,83.4984,7.2,90,87,7.9,overcast clouds
356,Ngama,TD,2022-02-05 01:38:02,11.7833,17.1667,63.37,18,5,14.61,clear sky
357,Faanui,PF,2022-02-05 01:37:53,-16.4833,-151.75,80.73,75,41,14.47,light rain
358,Erzin,TR,2022-02-05 01:38:02,36.9559,36.2,39.92,71,0,2.51,clear sky
359,Skjervoy,NO,2022-02-05 01:38:02,70.0311,20.9714,23.16,68,59,22.48,broken clouds
360,Walvis Bay,NA,2022-02-05 01:38:03,-22.9575,14.5053,66.09,88,95,5.75,overcast clouds
361,Mazamari,PE,2022-02-05 01:38:03,-11.3258,-74.5308,70.5,95,58,1.97,broken clouds
362,Santa Cruz,BO,2022-02-05 01:38:04,-17.8,-63.1667,76.46,88,75,11.5,light rain
363,Kampong Cham,KH,2022-02-05 01:39:03,11.9934,105.4635,81.09,55,97,16.42,overcast clouds
364,Codrington,AU,2022-02-05 01:39:03,-38.2667,141.9667,71.87,51,97,16.08,overcast clouds
365,Padang,ID,2022-02-05 01:39:04,-0.9492,100.3543,75.25,79,83,2.08,moderate rain
366,Conceicao Do Araguaia,BR,2022-02-05 01:39:04,-8.2578,-49.2647,74.44,93,48,2.53,moderate rain
367,Labuhan,ID,2022-02-05 01:39:05,-6.8844,112.2051,83.05,73,35,9.08,scattered clouds
368,Nome,US,2022-02-05 01:39:05,64.5011,-165.4064,5.16,61,0,8.05,clear sky
369,Abu Samrah,SY,2022-02-05 01:35:47,35.3029,37.1841,42.49,92,5,7.11,clear sky
370,Petropavlovsk-Kamchatskiy,RU,2022-02-05 01:39:06,53.0452,158.6483,28.99,51,75,17.9,broken clouds
371,Milazzo,IT,2022-02-05 01:39:06,38.2212,15.2383,54.82,55,3,1.99,clear sky
372,Kita,ML,2022-02-05 01:39:06,13.0349,-9.4895,70.54,14,0,3.13,clear sky
373,Issenye,TZ,2022-02-05 01:39:07,-2.0,34.3333,63.79,91,100,4.63,light rain
374,Puerto Leguizamo,CO,2022-02-05 01:39:07,-0.1934,-74.7819,72.64,96,53,0.56,heavy intensity rain
375,Kralendijk,BQ,2022-02-05 01:39:07,12.15,-68.2667,76.98,83,9,8.05,clear sky
376,Asasa,ET,2022-02-05 01:39:08,7.1,39.2,52.48,37,2,2.73,clear sky
377,Ekhabi,RU,2022-02-05 01:39:08,53.5102,142.9671,2.43,93,100,21.54,overcast clouds
378,Kyaikto,MM,2022-02-05 01:39:08,17.3,97.0167,77.65,50,31,3.69,scattered clouds
379,Fairbanks,US,2022-02-05 01:38:38,64.8378,-147.7164,8.1,64,100,3.44,light shower snow
380,Ariquemes,BR,2022-02-05 01:39:09,-9.9133,-63.0408,72.48,98,72,2.59,heavy intensity rain
381,Linxia,CN,2022-02-05 01:39:09,35.6003,103.2064,18.93,88,100,2.75,light snow
382,Dzhebariki-Khaya,RU,2022-02-05 01:39:09,62.2167,135.8,-27.98,97,78,2.26,broken clouds
383,Aksha,RU,2022-02-05 01:39:09,50.2814,113.2867,8.98,73,97,10.36,overcast clouds
384,Tiksi,RU,2022-02-05 01:39:10,71.6872,128.8694,-22.13,98,72,7.34,broken clouds
385,Clonakilty,IE,2022-02-05 01:39:10,51.6231,-8.8706,39.09,78,39,10.83,scattered clouds
386,Stykkisholmur,IS,2022-02-05 01:39:10,65.0757,-22.7297,22.53,80,100,17.25,overcast clouds
387,Roma,US,2022-02-05 01:36:32,43.2128,-75.4557,15.66,84,100,3.44,overcast clouds
388,Warrnambool,AU,2022-02-05 01:39:11,-38.3833,142.4833,74.8,61,100,14.74,overcast clouds
389,Grants Pass,US,2022-02-05 01:39:11,42.439,-123.3284,53.11,64,75,0.0,broken clouds
390,Lavrentiya,RU,2022-02-05 01:34:36,65.5833,-171.0,-8.81,82,1,8.86,clear sky
391,Solenzo,BF,2022-02-05 01:39:11,12.1833,-4.0833,69.17,14,5,6.44,clear sky
392,Alpena,US,2022-02-05 01:39:12,45.0617,-83.4327,9.95,81,20,1.99,few clouds
393,Rio Grande,BR,2022-02-05 01:39:12,-32.035,-52.0986,75.31,93,0,8.57,clear sky
394,Kokkola,FI,2022-02-05 01:39:12,63.8385,23.1307,32.94,89,100,11.01,overcast clouds
395,Salalah,OM,2022-02-05 01:37:13,17.0151,54.0924,69.89,68,40,0.0,scattered clouds
396,Sena Madureira,BR,2022-02-05 01:39:12,-9.0656,-68.6569,72.52,99,38,2.39,scattered clouds
397,Richards Bay,ZA,2022-02-05 01:36:27,-28.783,32.0377,71.2,94,100,14.74,heavy intensity rain
398,Nouadhibou,MR,2022-02-05 01:39:13,20.931,-17.0347,64.38,68,1,10.36,clear sky
399,Comodoro Rivadavia,AR,2022-02-05 01:36:05,-45.8667,-67.5,53.46,76,0,4.61,clear sky
400,San Pedro,PH,2022-02-05 01:39:13,14.35,121.0167,85.32,63,75,2.3,broken clouds
401,Quatre Cocos,MU,2022-02-05 01:39:13,-20.2078,57.7625,79.09,86,98,18.5,moderate rain
402,Agirish,RU,2022-02-05 01:39:14,61.9247,63.0231,1.09,96,100,0.36,overcast clouds
403,Srikakulam,IN,2022-02-05 01:39:14,18.3,83.9,67.39,58,40,8.16,scattered clouds
404,San Joaquin,US,2022-02-05 01:39:14,37.9333,-121.3011,61.38,53,5,3.83,clear sky
405,Khokhlovo,RU,2022-02-05 01:39:15,59.1492,37.3998,-2.47,100,100,3.49,overcast clouds
406,Foix,FR,2022-02-05 01:39:15,42.8333,1.5833,43.99,46,100,3.85,overcast clouds
407,Ayr,GB,2022-02-05 01:39:15,55.4627,-4.6339,40.98,81,20,11.5,few clouds
408,Lafiagi,NG,2022-02-05 01:39:16,8.8667,5.4167,73.67,18,0,2.77,clear sky
409,Mashhad,IR,2022-02-05 01:39:16,36.297,59.6062,41.14,60,0,6.91,clear sky
410,Paamiut,GL,2022-02-05 01:39:16,61.994,-49.6678,6.37,90,100,7.49,light snow
411,Terra Santa,BR,2022-02-05 01:40:17,-2.1042,-56.4869,73.24,95,98,1.48,overcast clouds
412,Lishui,CN,2022-02-05 01:40:17,28.4604,119.9103,45.73,66,6,2.51,clear sky
413,Antofagasta,CL,2022-02-05 01:37:21,-23.65,-70.4,65.48,74,5,5.41,clear sky
414,Waipawa,NZ,2022-02-05 01:40:17,-41.4122,175.5153,57.45,93,100,9.8,light rain
415,Palitana,IN,2022-02-05 01:40:18,21.5167,71.8333,58.69,60,48,0.74,scattered clouds
416,San Jose,US,2022-02-05 01:35:28,37.3394,-121.895,61.05,51,20,1.01,few clouds
417,Haines Junction,CA,2022-02-05 01:37:56,60.7522,-137.5108,-2.25,78,100,1.14,overcast clouds
418,Dwarka,IN,2022-02-05 01:40:18,22.2394,68.9678,68.85,58,5,9.78,clear sky
419,Marawi,PH,2022-02-05 01:40:18,7.9986,124.2928,78.26,60,74,4.61,broken clouds
420,Oktyabrskoye,RU,2022-02-05 01:40:18,43.0645,44.7417,28.54,100,100,6.71,snow
421,Leh,IN,2022-02-05 01:35:30,34.1667,77.5833,-8.27,88,100,4.18,overcast clouds
422,Boianu Mare,RO,2022-02-05 01:40:19,47.3833,22.5333,33.24,70,100,4.03,overcast clouds
423,Watertown,US,2022-02-05 01:40:19,42.3709,-71.1828,28.54,90,100,4.0,light snow
424,Brae,GB,2022-02-05 01:40:19,60.3964,-1.353,39.11,67,100,25.93,overcast clouds
425,Ratnagiri,IN,2022-02-05 01:40:19,16.9833,73.3,64.74,77,12,4.29,few clouds
426,Necochea,AR,2022-02-05 01:40:20,-38.5473,-58.7368,60.04,77,100,15.28,moderate rain
427,Vostok,RU,2022-02-05 01:40:20,46.4856,135.8833,-1.64,86,100,4.47,overcast clouds
428,Owando,CG,2022-02-05 01:40:20,-0.4819,15.8999,71.1,84,99,1.59,overcast clouds
429,Nalut,LY,2022-02-05 01:40:21,30.3333,10.85,48.79,39,5,8.08,clear sky
430,Mitu,CO,2022-02-05 01:36:26,1.1983,-70.1733,71.35,98,100,1.03,moderate rain
431,Chapais,CA,2022-02-05 01:40:21,49.7834,-74.8492,-11.42,95,100,3.71,overcast clouds
432,Bethel,US,2022-02-05 01:40:21,41.3712,-73.414,31.5,84,100,8.05,overcast clouds
433,Barranco,PA,2022-02-05 01:40:22,9.5167,-82.7,72.01,93,34,2.82,scattered clouds
434,Sao Gabriel Da Cachoeira,BR,2022-02-05 01:40:22,-0.1303,-67.0892,73.31,98,100,0.87,light rain
435,Atambua,ID,2022-02-05 01:40:22,-9.1061,124.8925,80.89,74,96,4.43,overcast clouds
436,Rosaryville,US,2022-02-05 01:40:22,38.7568,-76.8097,37.81,83,100,1.99,overcast clouds
437,Cape Canaveral,US,2022-02-05 01:35:38,28.4058,-80.6048,75.45,80,0,12.66,clear sky
438,Singaparna,ID,2022-02-05 01:40:23,-7.3515,108.111,76.75,83,100,0.89,overcast clouds
439,Mahanje,TZ,2022-02-05 01:40:23,-9.9333,35.3333,63.72,89,100,0.13,overcast clouds
440,Manica,FR,2022-02-05 01:40:23,49.0,-1.1667,40.41,93,91,3.44,overcast clouds
441,Svetlyy,RU,2022-02-05 01:40:24,54.675,20.1347,42.85,93,100,19.64,overcast clouds
442,Samarai,PG,2022-02-05 01:40:24,-10.6167,150.6667,85.93,70,97,5.46,overcast clouds
443,Aplahoue,BJ,2022-02-05 01:40:24,6.9333,1.6833,75.42,84,0,3.69,clear sky
444,Meulaboh,ID,2022-02-05 01:40:25,4.1363,96.1285,77.88,82,99,3.67,overcast clouds
445,Mwense,ZM,2022-02-05 01:40:25,-10.3845,28.698,61.7,99,100,2.86,overcast clouds
446,Tiznit,MA,2022-02-05 01:40:25,29.5833,-9.5,61.63,32,100,1.28,overcast clouds
447,North Bend,US,2022-02-05 01:38:00,43.4065,-124.2243,51.17,93,100,0.0,overcast clouds
448,Kapit,MY,2022-02-05 01:40:25,2.0167,112.9333,80.22,84,100,1.36,overcast clouds
449,Moron,AR,2022-02-05 01:40:26,-34.6534,-58.6198,75.06,80,75,3.44,thunderstorm with light rain
450,Raudeberg,NO,2022-02-05 01:40:26,61.9875,5.1352,39.87,72,100,10.0,light rain
451,Tessalit,ML,2022-02-05 01:40:26,20.1986,1.0114,57.56,18,0,10.51,clear sky
452,Kirakira,SB,2022-02-05 01:40:26,-10.4544,161.9205,84.25,75,100,6.15,overcast clouds
453,Tombouctou,ML,2022-02-05 01:40:27,20.0,-3.0,61.84,10,0,10.2,clear sky
454,Srednekolymsk,RU,2022-02-05 01:39:40,67.45,153.6833,-27.83,100,100,0.34,overcast clouds
455,Chabahar,IR,2022-02-05 01:41:27,25.2919,60.643,69.82,59,0,10.02,clear sky
456,Coffs Harbour,AU,2022-02-05 01:41:27,-30.3,153.1333,73.67,88,75,11.5,broken clouds
457,Mantua,IT,2022-02-05 01:41:28,45.1667,10.7833,46.81,90,100,1.01,overcast clouds
458,Touros,BR,2022-02-05 01:41:28,-5.1989,-35.4608,81.5,73,4,13.2,clear sky
459,Huntsville,US,2022-02-05 01:40:36,34.7304,-86.5861,32.13,88,100,5.01,overcast clouds
460,Keetmanshoop,NA,2022-02-05 01:41:28,-26.5833,18.1333,78.28,38,10,7.47,clear sky
461,Pimentel,PE,2022-02-05 01:41:28,-6.8367,-79.9342,70.38,82,37,12.71,scattered clouds
462,Avera,US,2022-02-05 01:37:06,33.194,-82.5271,53.47,83,100,14.25,overcast clouds
463,Kununurra,AU,2022-02-05 01:41:15,-15.7667,128.7333,84.18,84,75,8.05,broken clouds
464,Raahe,FI,2022-02-05 01:41:29,64.6833,24.4833,23.2,89,100,20.0,light snow
465,Sechura,PE,2022-02-05 01:41:29,-5.5569,-80.8222,71.64,80,38,12.71,scattered clouds
466,Vuktyl,RU,2022-02-05 01:41:29,63.8567,57.3094,-3.6,100,90,2.86,overcast clouds
467,Sembe,CG,2022-02-05 01:41:30,1.6481,14.5806,67.53,61,53,1.59,broken clouds
468,Abong Mbang,CM,2022-02-05 01:41:30,3.9833,13.1833,62.2,33,85,2.37,overcast clouds
469,Hirara,JP,2022-02-05 01:41:30,24.8,125.2833,62.46,72,75,16.11,broken clouds
470,Monrovia,LR,2022-02-05 01:41:31,6.3005,-10.7969,78.42,83,12,3.18,few clouds
471,Rairangpur,IN,2022-02-05 01:41:31,22.2676,86.1751,55.85,67,0,4.21,clear sky
472,Dudinka,RU,2022-02-05 01:41:31,69.4058,86.1778,-2.94,97,95,5.93,overcast clouds
473,Kaseda,JP,2022-02-05 01:41:31,31.4167,130.3167,42.03,76,95,21.23,overcast clouds
474,Jijiang,CN,2022-02-05 01:41:32,29.2906,106.2542,49.5,59,100,4.7,overcast clouds
475,Ulaangom,MN,2022-02-05 01:41:32,49.9811,92.0667,-23.35,90,93,2.53,overcast clouds
476,Yulara,AU,2022-02-05 01:41:32,-25.2406,130.9889,78.64,27,0,8.05,clear sky
477,Burnie,AU,2022-02-05 01:41:32,-41.0667,145.9167,64.67,68,98,6.89,overcast clouds
478,Paris,FR,2022-02-05 01:40:43,48.8534,2.3488,40.14,89,20,1.01,few clouds
479,Huarmey,PE,2022-02-05 01:41:33,-10.0681,-78.1522,71.06,83,44,9.04,scattered clouds
480,Kastamonu,TR,2022-02-05 01:41:26,41.5,33.6667,15.08,95,37,1.86,scattered clouds
481,Constitucion,CL,2022-02-05 01:41:33,-35.3333,-72.4167,58.6,88,2,12.21,clear sky
482,Deputatskiy,RU,2022-02-05 01:41:33,69.3,139.9,-27.35,99,69,2.53,broken clouds
483,Perth,AU,2022-02-05 01:41:34,-31.9333,115.8333,100.67,17,0,8.05,clear sky
484,Preobrazheniye,RU,2022-02-05 01:41:34,42.9019,133.9064,12.07,46,5,8.95,clear sky
485,Novobirilyussy,RU,2022-02-05 01:41:34,56.9514,90.6661,21.67,80,100,11.9,overcast clouds
486,Bilma,NE,2022-02-05 01:41:35,18.6853,12.9164,56.12,24,2,4.68,clear sky
487,Vieques,PR,2022-02-05 01:41:35,18.425,-65.8329,74.89,83,20,0.0,few clouds
488,Sioux Lookout,CA,2022-02-05 01:39:15,50.1001,-91.917,-3.62,83,0,2.3,clear sky
489,Soyo,AO,2022-02-05 01:41:35,-6.1349,12.3689,76.89,82,78,2.73,broken clouds
490,Aksu,CN,2022-02-05 01:41:35,41.1231,80.2644,25.59,74,99,5.01,overcast clouds
491,Batticaloa,LK,2022-02-05 01:40:52,7.7102,81.6924,74.79,78,95,3.4,overcast clouds
492,Minab,IR,2022-02-05 01:41:36,27.1467,57.0801,58.5,88,0,0.0,clear sky
493,Dongsheng,CN,2022-02-05 01:41:36,39.8161,109.9776,9.27,52,100,7.31,overcast clouds
494,Waingapu,ID,2022-02-05 01:41:37,-9.6567,120.2641,85.86,67,35,13.89,scattered clouds
495,Medicine Hat,CA,2022-02-05 01:40:05,50.0501,-110.6683,42.51,70,75,8.01,broken clouds
496,Broken Hill,AU,2022-02-05 01:41:37,-31.95,141.4333,78.51,31,40,19.57,scattered clouds
497,Albanel,CA,2022-02-05 01:41:37,48.8832,-72.4487,-3.86,64,100,6.91,overcast clouds
498,Prince Rupert,CA,2022-02-05 01:38:45,54.3161,-130.3201,42.89,93,100,14.97,mist
499,Fraga,ES,2022-02-05 01:41:37,41.5229,0.3489,49.57,67,100,9.33,overcast clouds
500,Verkhnevilyuysk,RU,2022-02-05 01:41:38,63.4453,120.3167,-17.12,95,87,2.33,overcast clouds
501,Kissidougou,GN,2022-02-05 01:42:38,9.1848,-10.0999,67.87,20,4,2.19,clear sky
502,Madhipura,IN,2022-02-05 01:42:38,25.9167,86.7833,55.99,92,100,1.63,overcast clouds
503,Yumen,CN,2022-02-05 01:42:39,40.2833,97.2,15.67,36,100,14.74,overcast clouds
504,Awjilah,LY,2022-02-05 01:42:39,29.1081,21.2869,49.82,74,0,7.47,clear sky
505,Mokhsogollokh,RU,2022-02-05 01:42:39,61.4681,128.9203,-15.68,93,95,3.15,overcast clouds
506,Puerto Colombia,CO,2022-02-05 01:42:40,10.9878,-74.9547,78.89,82,5,30.47,clear sky
507,Lazaro Cardenas,MX,2022-02-05 01:40:27,17.9583,-102.2,73.4,76,16,2.17,few clouds
508,Barcelona,ES,2022-02-05 01:40:12,41.3888,2.159,55.54,86,75,1.01,mist
509,Fukue,JP,2022-02-05 01:42:40,32.6881,128.8419,41.36,56,75,16.11,broken clouds
510,Sukpak,RU,2022-02-05 01:42:40,51.6667,94.6333,-23.44,97,54,1.3,broken clouds
511,Quzhou,CN,2022-02-05 01:42:41,28.9594,118.8686,43.88,76,9,7.94,clear sky
512,Yabelo,ET,2022-02-05 01:42:41,4.8833,38.0833,62.53,29,57,5.39,broken clouds
513,Bodden Town,KY,2022-02-05 01:42:41,19.2833,-81.25,77.0,83,40,5.99,scattered clouds
514,Kulhudhuffushi,MV,2022-02-05 01:42:41,6.6221,73.07,81.05,65,74,11.52,broken clouds
515,Goma,CD,2022-02-05 01:42:42,-1.6792,29.2228,62.6,88,100,1.57,light rain
516,Abnub,EG,2022-02-05 01:42:42,27.2696,31.1511,46.62,61,6,8.41,clear sky
517,Emerald,AU,2022-02-05 01:42:42,-23.5333,148.1667,83.34,39,0,13.8,clear sky
518,Teguise,ES,2022-02-05 01:42:42,29.0605,-13.564,62.82,77,0,10.36,clear sky
519,Tianmen,CN,2022-02-05 01:42:43,30.6516,113.1603,43.07,57,5,10.09,clear sky
520,Ruteng,ID,2022-02-05 01:42:43,-8.6136,120.4721,72.14,76,96,2.21,overcast clouds
521,Camacupa,AO,2022-02-05 01:42:43,-12.0167,17.4833,60.64,94,100,2.35,overcast clouds
522,Konstantinovsk,RU,2022-02-05 01:42:44,47.5828,41.0922,26.26,84,100,9.33,overcast clouds
523,Harwich,GB,2022-02-05 01:40:11,51.9419,1.2844,39.34,82,1,11.01,clear sky
524,Wanning,CN,2022-02-05 01:42:44,18.8003,110.3967,65.5,83,100,10.98,overcast clouds
525,Mugango,TZ,2022-02-05 01:42:44,-1.6833,33.7,68.45,78,100,5.77,light rain
526,Havre-Saint-Pierre,CA,2022-02-05 01:42:45,50.2334,-63.5986,5.59,65,100,10.36,overcast clouds
527,Rocha,UY,2022-02-05 01:42:45,-34.4833,-54.3333,66.07,96,21,3.78,few clouds
528,Oktyabrskiy,RU,2022-02-05 01:42:45,54.4815,53.471,25.27,90,100,6.38,overcast clouds
529,Lixourion,GR,2022-02-05 01:42:46,38.2019,20.4314,52.03,76,62,6.91,broken clouds
530,Nantucket,US,2022-02-05 01:38:08,41.2835,-70.0995,37.51,93,100,17.27,mist
531,Tadpatri,IN,2022-02-05 01:42:46,14.9167,78.0167,70.41,35,35,1.72,scattered clouds
532,Jeremoabo,BR,2022-02-05 01:42:46,-10.075,-38.4808,72.1,83,78,6.8,broken clouds
533,Lyuban,BY,2022-02-05 01:42:46,52.7985,28.0048,20.52,96,100,10.94,overcast clouds
534,Tambovka,RU,2022-02-05 01:42:47,50.0969,128.0489,1.51,96,99,5.59,overcast clouds
535,Pacific Grove,US,2022-02-05 01:42:47,36.6177,-121.9166,64.08,55,0,4.0,clear sky
536,Tapejara,BR,2022-02-05 01:42:47,-28.0681,-52.0139,66.76,98,5,3.22,clear sky
537,Coihaique,CL,2022-02-05 01:42:47,-45.5752,-72.0662,60.75,59,0,3.44,clear sky
538,Linares,CL,2022-02-05 01:42:48,-35.85,-71.6,64.27,57,7,3.04,clear sky
539,Lima,PE,2022-02-05 01:39:23,-12.0432,-77.0282,70.05,78,0,1.01,clear sky
540,Kavieng,PG,2022-02-05 01:42:48,-2.5744,150.7967,83.88,69,100,5.82,overcast clouds
541,Gannan,CN,2022-02-05 01:42:49,47.9147,123.5031,4.55,72,97,7.09,overcast clouds
542,Bonthe,SL,2022-02-05 01:42:49,7.5264,-12.505,75.43,85,9,3.27,clear sky
543,Magadan,RU,2022-02-05 01:42:50,59.5667,150.8,5.14,68,12,10.27,few clouds
544,Durban,ZA,2022-02-05 01:40:00,-29.8579,31.0292,70.92,100,100,1.99,heavy intensity rain
545,Saryg-Sep,RU,2022-02-05 01:42:50,51.5,95.6,-18.89,98,84,3.11,broken clouds
546,Itoman,JP,2022-02-05 01:42:51,26.1247,127.6694,61.57,56,75,18.41,broken clouds
547,Sao Gotardo,BR,2022-02-05 01:42:51,-19.3111,-46.0489,65.64,94,99,2.93,heavy intensity rain
548,Aldan,RU,2022-02-05 01:43:51,58.6031,125.3894,-4.36,94,100,2.73,overcast clouds
549,Amnat Charoen,TH,2022-02-05 01:43:51,15.9167,104.75,70.77,63,10,20.2,clear sky
550,Puerto Rondon,CO,2022-02-05 01:43:52,6.2805,-71.1,84.33,49,100,4.32,overcast clouds
551,Denpasar,ID,2022-02-05 01:43:52,-8.65,115.2167,83.71,79,75,16.11,broken clouds
552,Veraval,IN,2022-02-05 01:42:44,20.9,70.3667,63.75,64,43,2.28,scattered clouds
553,San Patricio,US,2022-02-05 01:43:52,28.017,-97.5169,43.84,68,6,15.17,clear sky
554,Taoudenni,ML,2022-02-05 01:43:53,22.6783,-3.9836,64.4,14,20,9.93,few clouds
555,Rio Gallegos,AR,2022-02-05 01:43:53,-51.6226,-69.2181,50.05,71,0,18.41,clear sky
556,Jammalamadugu,IN,2022-02-05 01:43:53,14.8333,78.4,69.33,52,36,2.89,scattered clouds
557,Okha,RU,2022-02-05 01:43:54,53.5739,142.9478,2.98,92,100,20.78,overcast clouds
558,Douentza,ML,2022-02-05 01:43:54,14.9951,-2.9517,64.67,14,12,5.35,few clouds
559,Mahon,ES,2022-02-05 01:43:54,39.8885,4.2658,48.76,93,0,5.75,clear sky
560,Deep River,CA,2022-02-05 01:43:23,46.1001,-77.4995,7.43,94,100,3.65,overcast clouds
561,Mtwara,TZ,2022-02-05 01:43:54,-10.2667,40.1833,75.92,88,100,7.56,moderate rain
562,Esil,KZ,2022-02-05 01:43:55,51.9556,66.4042,16.21,69,100,14.05,overcast clouds
563,Mangai,CD,2022-02-05 01:43:55,-4.05,19.5333,68.92,94,100,1.41,overcast clouds
564,Port Macquarie,AU,2022-02-05 01:43:55,-31.4333,152.9167,75.88,60,98,14.85,overcast clouds
565,Chapada Dos Guimaraes,BR,2022-02-05 01:43:56,-15.4606,-55.7497,73.06,89,99,4.41,overcast clouds
566,San Felipe,VE,2022-02-05 01:43:56,10.3399,-68.7425,69.64,93,63,3.89,broken clouds
567,Cap Malheureux,MU,2022-02-05 01:43:56,-19.9842,57.6142,79.47,82,99,11.01,overcast clouds
568,Stromness,GB,2022-02-05 01:43:56,58.965,-3.296,35.85,66,61,35.41,broken clouds
569,Praia,CV,2022-02-05 01:43:57,14.9215,-23.5087,70.34,78,0,13.8,clear sky
570,Baykit,RU,2022-02-05 01:43:57,61.67,96.37,8.62,98,100,2.06,overcast clouds
571,Toora-Khem,RU,2022-02-05 01:43:57,52.4675,96.11,-16.67,100,96,2.01,overcast clouds
572,Cap-Aux-Meules,CA,2022-02-05 01:42:02,47.3821,-61.8597,23.02,86,100,29.93,snow
573,Mayumba,GA,2022-02-05 01:43:57,-3.432,10.6554,75.74,83,100,0.56,overcast clouds
574,Great Yarmouth,GB,2022-02-05 01:43:58,52.6083,1.7305,38.44,86,5,19.66,clear sky
575,Auki,SB,2022-02-05 01:43:58,-8.7676,160.7034,84.4,74,100,7.74,overcast clouds
576,Maniitsoq,GL,2022-02-05 01:43:58,65.4167,-52.9,7.65,83,100,12.28,light snow
577,Adrar,MR,2022-02-05 01:42:50,20.5022,-10.0711,63.66,12,0,9.22,clear sky
578,Basco,PH,2022-02-05 01:40:48,20.4487,121.9702,72.48,75,98,27.31,overcast clouds
579,Kieta,PG,2022-02-05 01:43:59,-6.2167,155.6333,86.38,71,100,12.19,light rain
580,Springdale,US,2022-02-05 01:42:48,36.1867,-94.1288,24.91,57,0,0.0,clear sky
581,Bulgan,MN,2022-02-05 01:43:59,48.8125,103.5347,-1.5,85,4,3.87,clear sky
582,Bengkulu,ID,2022-02-05 01:40:15,-3.8004,102.2655,74.84,90,100,3.42,overcast clouds
583,Ust-Barguzin,RU,2022-02-05 01:43:59,53.45,108.9833,4.33,95,100,1.83,overcast clouds
584,Kumba,CM,2022-02-05 01:44:00,4.6363,9.4469,72.64,86,5,2.15,clear sky
585,Tezu,IN,2022-02-05 01:44:00,27.9167,96.1667,55.74,97,100,1.92,light rain
586,Dicabisagan,PH,2022-02-05 01:44:00,17.0818,122.4157,75.29,84,98,11.32,overcast clouds
587,Dawlatabad,AF,2022-02-05 01:44:00,36.4141,64.9053,45.32,32,0,6.35,clear sky
588,Atar,MR,2022-02-05 01:41:34,20.5169,-13.0499,69.13,12,30,5.41,scattered clouds
589,Greenlaw,GB,2022-02-05 01:44:01,55.7068,-2.4624,36.05,84,18,13.22,few clouds
590,Peniche,PT,2022-02-05 01:44:01,39.3558,-9.3811,54.63,75,97,12.59,overcast clouds
591,Rayachoti,IN,2022-02-05 01:44:01,14.05,78.75,68.61,79,10,2.64,clear sky
592,Batagay,RU,2022-02-05 01:44:02,67.6333,134.6333,-34.37,97,53,1.12,broken clouds
593,Mandalgovi,MN,2022-02-05 01:42:00,45.7625,106.2708,5.72,69,0,8.7,clear sky
594,Chimbote,PE,2022-02-05 01:40:31,-9.0853,-78.5783,69.66,86,11,7.45,few clouds
595,Merauke,ID,2022-02-05 01:45:02,-8.4667,140.3333,85.64,70,63,14.97,broken clouds
596,Amos,CA,2022-02-05 01:45:02,48.5669,-78.1162,-3.73,97,100,2.62,overcast clouds
597,Montepuez,MZ,2022-02-05 01:45:02,-13.1256,38.9997,67.46,98,100,4.88,overcast clouds
598,Washington,US,2022-02-05 01:44:36,47.5001,-120.5015,42.04,96,90,2.13,light snow
599,Sungaipenuh,ID,2022-02-05 01:45:03,-2.0833,101.3833,65.86,94,100,1.99,overcast clouds
600,Pontal Do Parana,BR,2022-02-05 01:45:03,-25.6533,-48.5128,80.73,96,100,2.71,overcast clouds
601,Beringovskiy,RU,2022-02-05 01:45:03,63.05,179.3167,-7.24,86,54,12.19,broken clouds
602,Worksop,GB,2022-02-05 01:45:04,53.3018,-1.124,40.35,89,73,13.8,broken clouds
603,Kupang,ID,2022-02-05 01:45:04,-10.1667,123.5833,83.26,76,32,8.57,scattered clouds
604,Naze,JP,2022-02-05 01:45:04,28.3667,129.4833,54.52,66,97,16.15,overcast clouds
605,Chegdomyn,RU,2022-02-05 01:45:05,51.1167,133.0167,-2.25,90,100,1.86,overcast clouds
606,Santa Cruz Del Norte,CU,2022-02-05 01:45:05,23.1539,-81.9236,75.94,86,5,13.91,clear sky
607,Sorland,NO,2022-02-05 01:45:05,67.667,12.6934,31.46,75,100,27.09,light snow
608,Tawang,IN,2022-02-05 01:45:05,27.5833,91.8667,29.66,93,100,2.86,light snow
609,Baturaja,ID,2022-02-05 01:45:06,-4.1333,104.1667,73.35,98,100,2.17,overcast clouds
610,Portobelo,PA,2022-02-05 01:45:06,9.55,-79.65,79.21,84,7,12.5,clear sky
611,Pittsburg,US,2022-02-05 01:45:06,38.028,-121.8847,61.45,57,0,5.75,clear sky
612,Poya,NC,2022-02-05 01:45:07,-21.35,165.15,84.7,77,100,9.48,overcast clouds
613,Andradina,BR,2022-02-05 01:45:07,-20.8961,-51.3794,73.81,84,98,2.77,moderate rain
614,Polson,US,2022-02-05 01:45:07,47.6936,-114.1632,39.72,66,99,14.0,overcast clouds
615,Buta,CD,2022-02-05 01:45:08,2.7858,24.73,74.8,53,100,2.1,overcast clouds
616,Dasoguz,TM,2022-02-05 01:45:08,41.8363,59.9666,37.51,81,100,9.22,overcast clouds
617,Puteyets,RU,2022-02-05 01:45:08,65.1716,57.091,2.07,98,100,3.91,overcast clouds
618,Zyryanka,RU,2022-02-05 01:45:08,65.75,150.85,-30.15,98,100,1.48,overcast clouds
619,Saint Thomas Mount,IN,2022-02-05 01:45:09,12.9964,80.2031,78.78,89,75,3.44,mist
620,Chiochis,RO,2022-02-05 01:45:09,46.9833,24.1833,24.6,96,90,1.59,overcast clouds
621,Nara,JP,2022-02-05 01:43:14,34.6851,135.8049,38.97,62,76,15.79,broken clouds
622,Kaitangata,NZ,2022-02-05 01:45:09,-46.2817,169.8464,58.32,52,17,8.12,few clouds
623,Acari,PE,2022-02-05 01:45:10,-15.4311,-74.6158,72.86,76,8,3.38,clear sky
624,Candolim,IN,2022-02-05 01:45:10,15.5181,73.7626,68.0,94,69,5.75,broken clouds
625,Road Town,VG,2022-02-05 01:43:36,18.4167,-64.6167,75.24,78,20,11.5,few clouds
626,Rorvik,NO,2022-02-05 01:45:10,64.8621,11.2373,38.48,87,100,38.34,overcast clouds
627,Flers,FR,2022-02-05 01:45:11,48.7372,-0.5747,37.65,96,100,4.9,overcast clouds
628,Santa Rosa,PH,2022-02-05 01:45:11,14.3122,121.1114,86.09,67,46,18.5,scattered clouds
629,Ossora,RU,2022-02-05 01:45:11,59.2353,163.0719,10.85,76,100,7.02,overcast clouds
630,San Quintin,MX,2022-02-05 01:45:12,30.4833,-115.95,57.06,57,2,3.27,clear sky
631,Honningsvag,NO,2022-02-05 01:45:12,70.9821,25.9704,20.75,79,99,29.8,overcast clouds
632,Khirkiya,IN,2022-02-05 01:45:12,22.1674,76.8605,55.94,37,2,3.56,clear sky
633,Daru,PG,2022-02-05 01:45:12,-9.0763,143.2092,84.96,68,100,11.34,overcast clouds
634,Princesa Isabel,BR,2022-02-05 01:45:13,-7.7367,-37.9933,76.87,55,100,3.2,overcast clouds
635,Manadhoo,MV,2022-02-05 01:45:13,5.7667,73.3833,81.19,67,43,10.54,scattered clouds
636,Vardo,NO,2022-02-05 01:45:13,70.3705,31.1107,22.21,92,100,31.85,light snow
637,Fethiye,TR,2022-02-05 01:45:13,36.6217,29.1164,42.67,49,0,7.96,clear sky
638,Nelson Bay,AU,2022-02-05 01:45:14,-32.7167,152.15,76.28,59,43,4.0,scattered clouds
639,Erenhot,CN,2022-02-05 01:45:14,43.6475,111.9767,5.47,84,11,10.27,few clouds
640,Waitati,NZ,2022-02-05 01:45:14,-45.75,170.5667,59.09,54,99,5.95,overcast clouds
641,Shu,KZ,2022-02-05 01:45:15,43.5983,73.7614,28.8,61,0,3.18,clear sky
642,Barra Do Garcas,BR,2022-02-05 01:46:15,-15.89,-52.2567,74.8,88,91,1.77,overcast clouds
643,Hamilton,US,2022-02-05 01:41:18,39.1834,-84.5333,22.44,80,100,4.61,overcast clouds
644,Nehe,CN,2022-02-05 01:46:15,48.4833,124.8333,0.97,85,81,4.38,broken clouds
645,Kankon,IN,2022-02-05 01:46:16,15.0167,74.0167,67.8,81,95,5.14,overcast clouds
646,Kankakee,US,2022-02-05 01:46:16,41.15,-87.8667,19.81,88,100,12.66,overcast clouds
647,Domanivka,UA,2022-02-05 01:46:16,47.6319,30.9885,26.38,64,64,5.3,broken clouds
648,Floro,NO,2022-02-05 01:46:17,61.5996,5.0328,40.96,52,75,35.68,broken clouds
649,Ucluelet,CA,2022-02-05 01:46:17,48.9329,-125.5528,45.95,94,98,5.99,overcast clouds
650,Caldwell,US,2022-02-05 01:46:17,43.6629,-116.6874,37.6,67,0,9.22,clear sky
651,Igarka,RU,2022-02-05 01:46:18,67.4667,86.5833,6.49,96,100,9.6,light snow
652,Bossangoa,CF,2022-02-05 01:46:18,6.4926,17.4552,72.1,16,100,4.88,overcast clouds
653,Artvin,TR,2022-02-05 01:46:18,41.1667,41.8333,29.48,97,100,5.23,snow
654,Gimli,CA,2022-02-05 01:46:19,50.6336,-96.9907,-12.98,70,99,6.91,overcast clouds
655,Bilibino,RU,2022-02-05 01:46:19,68.0546,166.4372,-4.97,79,0,4.54,clear sky
656,Esna,EG,2022-02-05 01:46:20,25.2934,32.554,46.42,57,0,7.18,clear sky
657,Mustasaari,FI,2022-02-05 01:46:20,63.1142,21.6822,31.95,100,100,13.8,overcast clouds
658,Puerto Maldonado,PE,2022-02-05 01:46:20,-12.6,-69.1833,73.08,98,98,3.02,overcast clouds
659,Severodvinsk,RU,2022-02-05 01:46:21,64.5635,39.8302,-9.29,96,93,9.8,overcast clouds
660,Kondinskoye,RU,2022-02-05 01:46:21,59.6481,67.41,20.12,96,100,5.37,light snow
661,Santa Isabel,BR,2022-02-05 01:46:21,-23.3156,-46.2214,76.3,96,100,3.38,overcast clouds
662,Tshikapa,CD,2022-02-05 01:46:21,-6.4167,20.8,66.6,97,100,1.25,overcast clouds
663,Zlobin,HR,2022-02-05 01:46:22,45.2924,14.6541,41.38,93,75,6.91,broken clouds
664,Amahai,ID,2022-02-05 01:46:22,-3.3333,128.9167,86.88,62,83,2.24,broken clouds
665,Cam Ranh,VN,2022-02-05 01:46:22,11.9214,109.1591,78.76,73,40,19.57,scattered clouds
666,Marzuq,YE,2022-02-05 01:46:22,14.4,46.4667,61.86,29,0,5.55,clear sky
667,San Miguel De Cauri,PE,2022-02-05 01:46:23,-10.1,-76.5833,46.67,91,99,1.19,overcast clouds
668,Mityana,UG,2022-02-05 01:46:23,0.4175,32.0228,65.66,65,100,1.23,overcast clouds
669,Olafsvik,IS,2022-02-05 01:46:23,64.8945,-23.7142,27.25,67,100,22.17,overcast clouds
670,Klyuchevskiy,RU,2022-02-05 01:46:23,53.5317,119.4519,3.69,71,100,3.4,overcast clouds
671,Rio De Janeiro,BR,2022-02-05 01:46:15,-22.9028,-43.2075,82.36,83,40,2.3,scattered clouds
672,Thinadhoo,MV,2022-02-05 01:46:24,0.5333,72.9333,81.72,73,100,12.3,overcast clouds
673,Ixtapa,MX,2022-02-05 01:44:27,20.7,-105.2,65.84,86,8,1.68,clear sky
674,Mastic Beach,US,2022-02-05 01:46:24,40.7668,-72.8521,33.98,90,100,1.99,overcast clouds
675,Sola,VU,2022-02-05 01:46:25,-13.8833,167.55,82.51,77,100,21.65,overcast clouds
676,Cornwall,CA,2022-02-05 01:46:18,45.0181,-74.7281,11.44,67,100,5.75,overcast clouds
677,Uzhur,RU,2022-02-05 01:46:25,55.3036,89.8339,12.72,90,100,6.73,overcast clouds
